342844,2,386,9,ご不便おかけしまして誠に申し訳御座いませんでした。お詫びの青龍ｶﾞﾁｬﾁｹｯﾄです。
448687,2,386,3,ご不便おかけしまして誠に申し訳御座いませんでした。お詫びの青龍ｶﾞﾁｬﾁｹｯﾄです。
697433,2,386,3,ご不便おかけしまして誠に申し訳御座いませんでした。お詫びの青龍ｶﾞﾁｬﾁｹｯﾄです。
858531,2,386,1,ご不便おかけしまして誠に申し訳御座いませんでした。お詫びの青龍ｶﾞﾁｬﾁｹｯﾄです。
1208869,2,386,1,ご不便おかけしまして誠に申し訳御座いませんでした。お詫びの青龍ｶﾞﾁｬﾁｹｯﾄです。
1292788,2,386,17,ご不便おかけしまして誠に申し訳御座いませんでした。お詫びの青龍ｶﾞﾁｬﾁｹｯﾄです。
1338870,2,386,1,ご不便おかけしまして誠に申し訳御座いませんでした。お詫びの青龍ｶﾞﾁｬﾁｹｯﾄです。
1544718,2,386,3,ご不便おかけしまして誠に申し訳御座いませんでした。お詫びの青龍ｶﾞﾁｬﾁｹｯﾄです。
1565889,2,386,2,ご不便おかけしまして誠に申し訳御座いませんでした。お詫びの青龍ｶﾞﾁｬﾁｹｯﾄです。
1698158,2,386,2,ご不便おかけしまして誠に申し訳御座いませんでした。お詫びの青龍ｶﾞﾁｬﾁｹｯﾄです。
1725713,2,386,2,ご不便おかけしまして誠に申し訳御座いませんでした。お詫びの青龍ｶﾞﾁｬﾁｹｯﾄです。
2000346,2,386,2,ご不便おかけしまして誠に申し訳御座いませんでした。お詫びの青龍ｶﾞﾁｬﾁｹｯﾄです。
2393891,2,386,6,ご不便おかけしまして誠に申し訳御座いませんでした。お詫びの青龍ｶﾞﾁｬﾁｹｯﾄです。
2433548,2,386,4,ご不便おかけしまして誠に申し訳御座いませんでした。お詫びの青龍ｶﾞﾁｬﾁｹｯﾄです。
2504099,2,386,1,ご不便おかけしまして誠に申し訳御座いませんでした。お詫びの青龍ｶﾞﾁｬﾁｹｯﾄです。
2557981,2,386,1,ご不便おかけしまして誠に申し訳御座いませんでした。お詫びの青龍ｶﾞﾁｬﾁｹｯﾄです。
2598952,2,386,2,ご不便おかけしまして誠に申し訳御座いませんでした。お詫びの青龍ｶﾞﾁｬﾁｹｯﾄです。
2621023,2,386,22,ご不便おかけしまして誠に申し訳御座いませんでした。お詫びの青龍ｶﾞﾁｬﾁｹｯﾄです。
2674996,2,386,1,ご不便おかけしまして誠に申し訳御座いませんでした。お詫びの青龍ｶﾞﾁｬﾁｹｯﾄです。
2694335,2,386,17,ご不便おかけしまして誠に申し訳御座いませんでした。お詫びの青龍ｶﾞﾁｬﾁｹｯﾄです。
3198869,2,386,1,ご不便おかけしまして誠に申し訳御座いませんでした。お詫びの青龍ｶﾞﾁｬﾁｹｯﾄです。
3221977,2,386,1,ご不便おかけしまして誠に申し訳御座いませんでした。お詫びの青龍ｶﾞﾁｬﾁｹｯﾄです。
3300309,2,386,3,ご不便おかけしまして誠に申し訳御座いませんでした。お詫びの青龍ｶﾞﾁｬﾁｹｯﾄです。
3441923,2,386,1,ご不便おかけしまして誠に申し訳御座いませんでした。お詫びの青龍ｶﾞﾁｬﾁｹｯﾄです。
3706720,2,386,17,ご不便おかけしまして誠に申し訳御座いませんでした。お詫びの青龍ｶﾞﾁｬﾁｹｯﾄです。
3778324,2,386,6,ご不便おかけしまして誠に申し訳御座いませんでした。お詫びの青龍ｶﾞﾁｬﾁｹｯﾄです。
3981963,2,386,2,ご不便おかけしまして誠に申し訳御座いませんでした。お詫びの青龍ｶﾞﾁｬﾁｹｯﾄです。
4048751,2,386,1,ご不便おかけしまして誠に申し訳御座いませんでした。お詫びの青龍ｶﾞﾁｬﾁｹｯﾄです。
4080853,2,386,6,ご不便おかけしまして誠に申し訳御座いませんでした。お詫びの青龍ｶﾞﾁｬﾁｹｯﾄです。
4106948,2,386,3,ご不便おかけしまして誠に申し訳御座いませんでした。お詫びの青龍ｶﾞﾁｬﾁｹｯﾄです。
4111868,2,386,2,ご不便おかけしまして誠に申し訳御座いませんでした。お詫びの青龍ｶﾞﾁｬﾁｹｯﾄです。
4145128,2,386,8,ご不便おかけしまして誠に申し訳御座いませんでした。お詫びの青龍ｶﾞﾁｬﾁｹｯﾄです。
4209632,2,386,1,ご不便おかけしまして誠に申し訳御座いませんでした。お詫びの青龍ｶﾞﾁｬﾁｹｯﾄです。
4442902,2,386,1,ご不便おかけしまして誠に申し訳御座いませんでした。お詫びの青龍ｶﾞﾁｬﾁｹｯﾄです。
4446478,2,386,1,ご不便おかけしまして誠に申し訳御座いませんでした。お詫びの青龍ｶﾞﾁｬﾁｹｯﾄです。
4533692,2,386,1,ご不便おかけしまして誠に申し訳御座いませんでした。お詫びの青龍ｶﾞﾁｬﾁｹｯﾄです。
4536840,2,386,2,ご不便おかけしまして誠に申し訳御座いませんでした。お詫びの青龍ｶﾞﾁｬﾁｹｯﾄです。
4774520,2,386,4,ご不便おかけしまして誠に申し訳御座いませんでした。お詫びの青龍ｶﾞﾁｬﾁｹｯﾄです。
4808769,2,386,2,ご不便おかけしまして誠に申し訳御座いませんでした。お詫びの青龍ｶﾞﾁｬﾁｹｯﾄです。
4842938,2,386,5,ご不便おかけしまして誠に申し訳御座いませんでした。お詫びの青龍ｶﾞﾁｬﾁｹｯﾄです。
4853427,2,386,1,ご不便おかけしまして誠に申し訳御座いませんでした。お詫びの青龍ｶﾞﾁｬﾁｹｯﾄです。
4933538,2,386,1,ご不便おかけしまして誠に申し訳御座いませんでした。お詫びの青龍ｶﾞﾁｬﾁｹｯﾄです。
4960408,2,386,1,ご不便おかけしまして誠に申し訳御座いませんでした。お詫びの青龍ｶﾞﾁｬﾁｹｯﾄです。
5050454,2,386,3,ご不便おかけしまして誠に申し訳御座いませんでした。お詫びの青龍ｶﾞﾁｬﾁｹｯﾄです。
5073391,2,386,5,ご不便おかけしまして誠に申し訳御座いませんでした。お詫びの青龍ｶﾞﾁｬﾁｹｯﾄです。
5111926,2,386,1,ご不便おかけしまして誠に申し訳御座いませんでした。お詫びの青龍ｶﾞﾁｬﾁｹｯﾄです。
5177628,2,386,2,ご不便おかけしまして誠に申し訳御座いませんでした。お詫びの青龍ｶﾞﾁｬﾁｹｯﾄです。
5392176,2,386,3,ご不便おかけしまして誠に申し訳御座いませんでした。お詫びの青龍ｶﾞﾁｬﾁｹｯﾄです。
5578115,2,386,6,ご不便おかけしまして誠に申し訳御座いませんでした。お詫びの青龍ｶﾞﾁｬﾁｹｯﾄです。
5610968,2,386,2,ご不便おかけしまして誠に申し訳御座いませんでした。お詫びの青龍ｶﾞﾁｬﾁｹｯﾄです。
5656516,2,386,2,ご不便おかけしまして誠に申し訳御座いませんでした。お詫びの青龍ｶﾞﾁｬﾁｹｯﾄです。
5964187,2,386,1,ご不便おかけしまして誠に申し訳御座いませんでした。お詫びの青龍ｶﾞﾁｬﾁｹｯﾄです。
6164575,2,386,8,ご不便おかけしまして誠に申し訳御座いませんでした。お詫びの青龍ｶﾞﾁｬﾁｹｯﾄです。
6193672,2,386,1,ご不便おかけしまして誠に申し訳御座いませんでした。お詫びの青龍ｶﾞﾁｬﾁｹｯﾄです。
6268612,2,386,6,ご不便おかけしまして誠に申し訳御座いませんでした。お詫びの青龍ｶﾞﾁｬﾁｹｯﾄです。
6396564,2,386,2,ご不便おかけしまして誠に申し訳御座いませんでした。お詫びの青龍ｶﾞﾁｬﾁｹｯﾄです。
6428876,2,386,1,ご不便おかけしまして誠に申し訳御座いませんでした。お詫びの青龍ｶﾞﾁｬﾁｹｯﾄです。
6624227,2,386,1,ご不便おかけしまして誠に申し訳御座いませんでした。お詫びの青龍ｶﾞﾁｬﾁｹｯﾄです。
6660942,2,386,1,ご不便おかけしまして誠に申し訳御座いませんでした。お詫びの青龍ｶﾞﾁｬﾁｹｯﾄです。
6693007,2,386,3,ご不便おかけしまして誠に申し訳御座いませんでした。お詫びの青龍ｶﾞﾁｬﾁｹｯﾄです。
6698641,2,386,6,ご不便おかけしまして誠に申し訳御座いませんでした。お詫びの青龍ｶﾞﾁｬﾁｹｯﾄです。
6727044,2,386,1,ご不便おかけしまして誠に申し訳御座いませんでした。お詫びの青龍ｶﾞﾁｬﾁｹｯﾄです。
6744622,2,386,3,ご不便おかけしまして誠に申し訳御座いませんでした。お詫びの青龍ｶﾞﾁｬﾁｹｯﾄです。
6922666,2,386,16,ご不便おかけしまして誠に申し訳御座いませんでした。お詫びの青龍ｶﾞﾁｬﾁｹｯﾄです。
7137118,2,386,2,ご不便おかけしまして誠に申し訳御座いませんでした。お詫びの青龍ｶﾞﾁｬﾁｹｯﾄです。
7299754,2,386,1,ご不便おかけしまして誠に申し訳御座いませんでした。お詫びの青龍ｶﾞﾁｬﾁｹｯﾄです。
7306734,2,386,9,ご不便おかけしまして誠に申し訳御座いませんでした。お詫びの青龍ｶﾞﾁｬﾁｹｯﾄです。
7342496,2,386,3,ご不便おかけしまして誠に申し訳御座いませんでした。お詫びの青龍ｶﾞﾁｬﾁｹｯﾄです。
7480527,2,386,2,ご不便おかけしまして誠に申し訳御座いませんでした。お詫びの青龍ｶﾞﾁｬﾁｹｯﾄです。
7502765,2,386,1,ご不便おかけしまして誠に申し訳御座いませんでした。お詫びの青龍ｶﾞﾁｬﾁｹｯﾄです。
7938288,2,386,1,ご不便おかけしまして誠に申し訳御座いませんでした。お詫びの青龍ｶﾞﾁｬﾁｹｯﾄです。
8059948,2,386,1,ご不便おかけしまして誠に申し訳御座いませんでした。お詫びの青龍ｶﾞﾁｬﾁｹｯﾄです。
8158212,2,386,4,ご不便おかけしまして誠に申し訳御座いませんでした。お詫びの青龍ｶﾞﾁｬﾁｹｯﾄです。
8230957,2,386,21,ご不便おかけしまして誠に申し訳御座いませんでした。お詫びの青龍ｶﾞﾁｬﾁｹｯﾄです。
8254093,2,386,1,ご不便おかけしまして誠に申し訳御座いませんでした。お詫びの青龍ｶﾞﾁｬﾁｹｯﾄです。
8290879,2,386,1,ご不便おかけしまして誠に申し訳御座いませんでした。お詫びの青龍ｶﾞﾁｬﾁｹｯﾄです。
8292896,2,386,10,ご不便おかけしまして誠に申し訳御座いませんでした。お詫びの青龍ｶﾞﾁｬﾁｹｯﾄです。
8319515,2,386,2,ご不便おかけしまして誠に申し訳御座いませんでした。お詫びの青龍ｶﾞﾁｬﾁｹｯﾄです。
8361974,2,386,1,ご不便おかけしまして誠に申し訳御座いませんでした。お詫びの青龍ｶﾞﾁｬﾁｹｯﾄです。
8444523,2,386,1,ご不便おかけしまして誠に申し訳御座いませんでした。お詫びの青龍ｶﾞﾁｬﾁｹｯﾄです。
8487110,2,386,1,ご不便おかけしまして誠に申し訳御座いませんでした。お詫びの青龍ｶﾞﾁｬﾁｹｯﾄです。
8741381,2,386,1,ご不便おかけしまして誠に申し訳御座いませんでした。お詫びの青龍ｶﾞﾁｬﾁｹｯﾄです。
8754628,2,386,1,ご不便おかけしまして誠に申し訳御座いませんでした。お詫びの青龍ｶﾞﾁｬﾁｹｯﾄです。
8834205,2,386,1,ご不便おかけしまして誠に申し訳御座いませんでした。お詫びの青龍ｶﾞﾁｬﾁｹｯﾄです。
8951894,2,386,2,ご不便おかけしまして誠に申し訳御座いませんでした。お詫びの青龍ｶﾞﾁｬﾁｹｯﾄです。
8958971,2,386,2,ご不便おかけしまして誠に申し訳御座いませんでした。お詫びの青龍ｶﾞﾁｬﾁｹｯﾄです。
8965512,2,386,1,ご不便おかけしまして誠に申し訳御座いませんでした。お詫びの青龍ｶﾞﾁｬﾁｹｯﾄです。
8973981,2,386,1,ご不便おかけしまして誠に申し訳御座いませんでした。お詫びの青龍ｶﾞﾁｬﾁｹｯﾄです。
9039008,2,386,1,ご不便おかけしまして誠に申し訳御座いませんでした。お詫びの青龍ｶﾞﾁｬﾁｹｯﾄです。
9087079,2,386,1,ご不便おかけしまして誠に申し訳御座いませんでした。お詫びの青龍ｶﾞﾁｬﾁｹｯﾄです。
9258475,2,386,2,ご不便おかけしまして誠に申し訳御座いませんでした。お詫びの青龍ｶﾞﾁｬﾁｹｯﾄです。
9343967,2,386,1,ご不便おかけしまして誠に申し訳御座いませんでした。お詫びの青龍ｶﾞﾁｬﾁｹｯﾄです。
9344886,2,386,1,ご不便おかけしまして誠に申し訳御座いませんでした。お詫びの青龍ｶﾞﾁｬﾁｹｯﾄです。
9359813,2,386,2,ご不便おかけしまして誠に申し訳御座いませんでした。お詫びの青龍ｶﾞﾁｬﾁｹｯﾄです。
9370786,2,386,2,ご不便おかけしまして誠に申し訳御座いませんでした。お詫びの青龍ｶﾞﾁｬﾁｹｯﾄです。
9415614,2,386,1,ご不便おかけしまして誠に申し訳御座いませんでした。お詫びの青龍ｶﾞﾁｬﾁｹｯﾄです。
9602933,2,386,1,ご不便おかけしまして誠に申し訳御座いませんでした。お詫びの青龍ｶﾞﾁｬﾁｹｯﾄです。
9680323,2,386,2,ご不便おかけしまして誠に申し訳御座いませんでした。お詫びの青龍ｶﾞﾁｬﾁｹｯﾄです。
9701105,2,386,3,ご不便おかけしまして誠に申し訳御座いませんでした。お詫びの青龍ｶﾞﾁｬﾁｹｯﾄです。
9706351,2,386,1,ご不便おかけしまして誠に申し訳御座いませんでした。お詫びの青龍ｶﾞﾁｬﾁｹｯﾄです。
9858301,2,386,1,ご不便おかけしまして誠に申し訳御座いませんでした。お詫びの青龍ｶﾞﾁｬﾁｹｯﾄです。
9889992,2,386,3,ご不便おかけしまして誠に申し訳御座いませんでした。お詫びの青龍ｶﾞﾁｬﾁｹｯﾄです。
9895020,2,386,3,ご不便おかけしまして誠に申し訳御座いませんでした。お詫びの青龍ｶﾞﾁｬﾁｹｯﾄです。
9969222,2,386,1,ご不便おかけしまして誠に申し訳御座いませんでした。お詫びの青龍ｶﾞﾁｬﾁｹｯﾄです。
10063087,2,386,2,ご不便おかけしまして誠に申し訳御座いませんでした。お詫びの青龍ｶﾞﾁｬﾁｹｯﾄです。
10161450,2,386,5,ご不便おかけしまして誠に申し訳御座いませんでした。お詫びの青龍ｶﾞﾁｬﾁｹｯﾄです。
10220515,2,386,18,ご不便おかけしまして誠に申し訳御座いませんでした。お詫びの青龍ｶﾞﾁｬﾁｹｯﾄです。
10329827,2,386,7,ご不便おかけしまして誠に申し訳御座いませんでした。お詫びの青龍ｶﾞﾁｬﾁｹｯﾄです。
10485320,2,386,1,ご不便おかけしまして誠に申し訳御座いませんでした。お詫びの青龍ｶﾞﾁｬﾁｹｯﾄです。
10677639,2,386,45,ご不便おかけしまして誠に申し訳御座いませんでした。お詫びの青龍ｶﾞﾁｬﾁｹｯﾄです。
10720647,2,386,1,ご不便おかけしまして誠に申し訳御座いませんでした。お詫びの青龍ｶﾞﾁｬﾁｹｯﾄです。
10735190,2,386,1,ご不便おかけしまして誠に申し訳御座いませんでした。お詫びの青龍ｶﾞﾁｬﾁｹｯﾄです。
10938691,2,386,1,ご不便おかけしまして誠に申し訳御座いませんでした。お詫びの青龍ｶﾞﾁｬﾁｹｯﾄです。
11058360,2,386,7,ご不便おかけしまして誠に申し訳御座いませんでした。お詫びの青龍ｶﾞﾁｬﾁｹｯﾄです。
11110077,2,386,6,ご不便おかけしまして誠に申し訳御座いませんでした。お詫びの青龍ｶﾞﾁｬﾁｹｯﾄです。
11141208,2,386,3,ご不便おかけしまして誠に申し訳御座いませんでした。お詫びの青龍ｶﾞﾁｬﾁｹｯﾄです。
11240513,2,386,4,ご不便おかけしまして誠に申し訳御座いませんでした。お詫びの青龍ｶﾞﾁｬﾁｹｯﾄです。
11256715,2,386,20,ご不便おかけしまして誠に申し訳御座いませんでした。お詫びの青龍ｶﾞﾁｬﾁｹｯﾄです。
11414406,2,386,21,ご不便おかけしまして誠に申し訳御座いませんでした。お詫びの青龍ｶﾞﾁｬﾁｹｯﾄです。
11425037,2,386,1,ご不便おかけしまして誠に申し訳御座いませんでした。お詫びの青龍ｶﾞﾁｬﾁｹｯﾄです。
11583936,2,386,2,ご不便おかけしまして誠に申し訳御座いませんでした。お詫びの青龍ｶﾞﾁｬﾁｹｯﾄです。
11602071,2,386,16,ご不便おかけしまして誠に申し訳御座いませんでした。お詫びの青龍ｶﾞﾁｬﾁｹｯﾄです。
11665181,2,386,1,ご不便おかけしまして誠に申し訳御座いませんでした。お詫びの青龍ｶﾞﾁｬﾁｹｯﾄです。
11704403,2,386,1,ご不便おかけしまして誠に申し訳御座いませんでした。お詫びの青龍ｶﾞﾁｬﾁｹｯﾄです。
11854998,2,386,1,ご不便おかけしまして誠に申し訳御座いませんでした。お詫びの青龍ｶﾞﾁｬﾁｹｯﾄです。
11918469,2,386,1,ご不便おかけしまして誠に申し訳御座いませんでした。お詫びの青龍ｶﾞﾁｬﾁｹｯﾄです。
12221849,2,386,2,ご不便おかけしまして誠に申し訳御座いませんでした。お詫びの青龍ｶﾞﾁｬﾁｹｯﾄです。
12242266,2,386,6,ご不便おかけしまして誠に申し訳御座いませんでした。お詫びの青龍ｶﾞﾁｬﾁｹｯﾄです。
12258181,2,386,1,ご不便おかけしまして誠に申し訳御座いませんでした。お詫びの青龍ｶﾞﾁｬﾁｹｯﾄです。
12291809,2,386,2,ご不便おかけしまして誠に申し訳御座いませんでした。お詫びの青龍ｶﾞﾁｬﾁｹｯﾄです。
12297139,2,386,5,ご不便おかけしまして誠に申し訳御座いませんでした。お詫びの青龍ｶﾞﾁｬﾁｹｯﾄです。
12315127,2,386,1,ご不便おかけしまして誠に申し訳御座いませんでした。お詫びの青龍ｶﾞﾁｬﾁｹｯﾄです。
12406641,2,386,1,ご不便おかけしまして誠に申し訳御座いませんでした。お詫びの青龍ｶﾞﾁｬﾁｹｯﾄです。
12650077,2,386,1,ご不便おかけしまして誠に申し訳御座いませんでした。お詫びの青龍ｶﾞﾁｬﾁｹｯﾄです。
12676150,2,386,1,ご不便おかけしまして誠に申し訳御座いませんでした。お詫びの青龍ｶﾞﾁｬﾁｹｯﾄです。
12958718,2,386,2,ご不便おかけしまして誠に申し訳御座いませんでした。お詫びの青龍ｶﾞﾁｬﾁｹｯﾄです。
12958863,2,386,8,ご不便おかけしまして誠に申し訳御座いませんでした。お詫びの青龍ｶﾞﾁｬﾁｹｯﾄです。
13069885,2,386,1,ご不便おかけしまして誠に申し訳御座いませんでした。お詫びの青龍ｶﾞﾁｬﾁｹｯﾄです。
13150133,2,386,1,ご不便おかけしまして誠に申し訳御座いませんでした。お詫びの青龍ｶﾞﾁｬﾁｹｯﾄです。
13170877,2,386,1,ご不便おかけしまして誠に申し訳御座いませんでした。お詫びの青龍ｶﾞﾁｬﾁｹｯﾄです。
13192741,2,386,6,ご不便おかけしまして誠に申し訳御座いませんでした。お詫びの青龍ｶﾞﾁｬﾁｹｯﾄです。
13250290,2,386,1,ご不便おかけしまして誠に申し訳御座いませんでした。お詫びの青龍ｶﾞﾁｬﾁｹｯﾄです。
13302638,2,386,1,ご不便おかけしまして誠に申し訳御座いませんでした。お詫びの青龍ｶﾞﾁｬﾁｹｯﾄです。
13372251,2,386,2,ご不便おかけしまして誠に申し訳御座いませんでした。お詫びの青龍ｶﾞﾁｬﾁｹｯﾄです。
13388730,2,386,1,ご不便おかけしまして誠に申し訳御座いませんでした。お詫びの青龍ｶﾞﾁｬﾁｹｯﾄです。
13421035,2,386,6,ご不便おかけしまして誠に申し訳御座いませんでした。お詫びの青龍ｶﾞﾁｬﾁｹｯﾄです。
13424264,2,386,4,ご不便おかけしまして誠に申し訳御座いませんでした。お詫びの青龍ｶﾞﾁｬﾁｹｯﾄです。
13437558,2,386,1,ご不便おかけしまして誠に申し訳御座いませんでした。お詫びの青龍ｶﾞﾁｬﾁｹｯﾄです。
13444125,2,386,6,ご不便おかけしまして誠に申し訳御座いませんでした。お詫びの青龍ｶﾞﾁｬﾁｹｯﾄです。
13579439,2,386,7,ご不便おかけしまして誠に申し訳御座いませんでした。お詫びの青龍ｶﾞﾁｬﾁｹｯﾄです。
13603959,2,386,37,ご不便おかけしまして誠に申し訳御座いませんでした。お詫びの青龍ｶﾞﾁｬﾁｹｯﾄです。
13618881,2,386,1,ご不便おかけしまして誠に申し訳御座いませんでした。お詫びの青龍ｶﾞﾁｬﾁｹｯﾄです。
13685093,2,386,1,ご不便おかけしまして誠に申し訳御座いませんでした。お詫びの青龍ｶﾞﾁｬﾁｹｯﾄです。
13725668,2,386,1,ご不便おかけしまして誠に申し訳御座いませんでした。お詫びの青龍ｶﾞﾁｬﾁｹｯﾄです。
13841477,2,386,1,ご不便おかけしまして誠に申し訳御座いませんでした。お詫びの青龍ｶﾞﾁｬﾁｹｯﾄです。
13879171,2,386,1,ご不便おかけしまして誠に申し訳御座いませんでした。お詫びの青龍ｶﾞﾁｬﾁｹｯﾄです。
13893978,2,386,3,ご不便おかけしまして誠に申し訳御座いませんでした。お詫びの青龍ｶﾞﾁｬﾁｹｯﾄです。
13930472,2,386,1,ご不便おかけしまして誠に申し訳御座いませんでした。お詫びの青龍ｶﾞﾁｬﾁｹｯﾄです。
13957201,2,386,3,ご不便おかけしまして誠に申し訳御座いませんでした。お詫びの青龍ｶﾞﾁｬﾁｹｯﾄです。
13958868,2,386,1,ご不便おかけしまして誠に申し訳御座いませんでした。お詫びの青龍ｶﾞﾁｬﾁｹｯﾄです。
13982615,2,386,9,ご不便おかけしまして誠に申し訳御座いませんでした。お詫びの青龍ｶﾞﾁｬﾁｹｯﾄです。
14003432,2,386,1,ご不便おかけしまして誠に申し訳御座いませんでした。お詫びの青龍ｶﾞﾁｬﾁｹｯﾄです。
14005441,2,386,22,ご不便おかけしまして誠に申し訳御座いませんでした。お詫びの青龍ｶﾞﾁｬﾁｹｯﾄです。
14018805,2,386,1,ご不便おかけしまして誠に申し訳御座いませんでした。お詫びの青龍ｶﾞﾁｬﾁｹｯﾄです。
14084456,2,386,1,ご不便おかけしまして誠に申し訳御座いませんでした。お詫びの青龍ｶﾞﾁｬﾁｹｯﾄです。
14145207,2,386,3,ご不便おかけしまして誠に申し訳御座いませんでした。お詫びの青龍ｶﾞﾁｬﾁｹｯﾄです。
14252530,2,386,1,ご不便おかけしまして誠に申し訳御座いませんでした。お詫びの青龍ｶﾞﾁｬﾁｹｯﾄです。
14268559,2,386,1,ご不便おかけしまして誠に申し訳御座いませんでした。お詫びの青龍ｶﾞﾁｬﾁｹｯﾄです。
14269283,2,386,12,ご不便おかけしまして誠に申し訳御座いませんでした。お詫びの青龍ｶﾞﾁｬﾁｹｯﾄです。
14269444,2,386,1,ご不便おかけしまして誠に申し訳御座いませんでした。お詫びの青龍ｶﾞﾁｬﾁｹｯﾄです。
14327944,2,386,1,ご不便おかけしまして誠に申し訳御座いませんでした。お詫びの青龍ｶﾞﾁｬﾁｹｯﾄです。
14373989,2,386,8,ご不便おかけしまして誠に申し訳御座いませんでした。お詫びの青龍ｶﾞﾁｬﾁｹｯﾄです。
14510984,2,386,3,ご不便おかけしまして誠に申し訳御座いませんでした。お詫びの青龍ｶﾞﾁｬﾁｹｯﾄです。
14618449,2,386,1,ご不便おかけしまして誠に申し訳御座いませんでした。お詫びの青龍ｶﾞﾁｬﾁｹｯﾄです。
14826834,2,386,1,ご不便おかけしまして誠に申し訳御座いませんでした。お詫びの青龍ｶﾞﾁｬﾁｹｯﾄです。
14840489,2,386,10,ご不便おかけしまして誠に申し訳御座いませんでした。お詫びの青龍ｶﾞﾁｬﾁｹｯﾄです。
14847075,2,386,3,ご不便おかけしまして誠に申し訳御座いませんでした。お詫びの青龍ｶﾞﾁｬﾁｹｯﾄです。
14876764,2,386,3,ご不便おかけしまして誠に申し訳御座いませんでした。お詫びの青龍ｶﾞﾁｬﾁｹｯﾄです。
14937243,2,386,50,ご不便おかけしまして誠に申し訳御座いませんでした。お詫びの青龍ｶﾞﾁｬﾁｹｯﾄです。
15034537,2,386,2,ご不便おかけしまして誠に申し訳御座いませんでした。お詫びの青龍ｶﾞﾁｬﾁｹｯﾄです。
15069281,2,386,11,ご不便おかけしまして誠に申し訳御座いませんでした。お詫びの青龍ｶﾞﾁｬﾁｹｯﾄです。
15142828,2,386,1,ご不便おかけしまして誠に申し訳御座いませんでした。お詫びの青龍ｶﾞﾁｬﾁｹｯﾄです。
15450050,2,386,1,ご不便おかけしまして誠に申し訳御座いませんでした。お詫びの青龍ｶﾞﾁｬﾁｹｯﾄです。
15470655,2,386,4,ご不便おかけしまして誠に申し訳御座いませんでした。お詫びの青龍ｶﾞﾁｬﾁｹｯﾄです。
15493304,2,386,1,ご不便おかけしまして誠に申し訳御座いませんでした。お詫びの青龍ｶﾞﾁｬﾁｹｯﾄです。
15603040,2,386,20,ご不便おかけしまして誠に申し訳御座いませんでした。お詫びの青龍ｶﾞﾁｬﾁｹｯﾄです。
15732637,2,386,143,ご不便おかけしまして誠に申し訳御座いませんでした。お詫びの青龍ｶﾞﾁｬﾁｹｯﾄです。
15738609,2,386,4,ご不便おかけしまして誠に申し訳御座いませんでした。お詫びの青龍ｶﾞﾁｬﾁｹｯﾄです。
15755272,2,386,8,ご不便おかけしまして誠に申し訳御座いませんでした。お詫びの青龍ｶﾞﾁｬﾁｹｯﾄです。
15799694,2,386,1,ご不便おかけしまして誠に申し訳御座いませんでした。お詫びの青龍ｶﾞﾁｬﾁｹｯﾄです。
15813741,2,386,2,ご不便おかけしまして誠に申し訳御座いませんでした。お詫びの青龍ｶﾞﾁｬﾁｹｯﾄです。
15979235,2,386,32,ご不便おかけしまして誠に申し訳御座いませんでした。お詫びの青龍ｶﾞﾁｬﾁｹｯﾄです。
15982622,2,386,1,ご不便おかけしまして誠に申し訳御座いませんでした。お詫びの青龍ｶﾞﾁｬﾁｹｯﾄです。
15996449,2,386,2,ご不便おかけしまして誠に申し訳御座いませんでした。お詫びの青龍ｶﾞﾁｬﾁｹｯﾄです。
16026449,2,386,1,ご不便おかけしまして誠に申し訳御座いませんでした。お詫びの青龍ｶﾞﾁｬﾁｹｯﾄです。
16103545,2,386,1,ご不便おかけしまして誠に申し訳御座いませんでした。お詫びの青龍ｶﾞﾁｬﾁｹｯﾄです。
16170959,2,386,3,ご不便おかけしまして誠に申し訳御座いませんでした。お詫びの青龍ｶﾞﾁｬﾁｹｯﾄです。
16253232,2,386,10,ご不便おかけしまして誠に申し訳御座いませんでした。お詫びの青龍ｶﾞﾁｬﾁｹｯﾄです。
16301343,2,386,1,ご不便おかけしまして誠に申し訳御座いませんでした。お詫びの青龍ｶﾞﾁｬﾁｹｯﾄです。
16448824,2,386,8,ご不便おかけしまして誠に申し訳御座いませんでした。お詫びの青龍ｶﾞﾁｬﾁｹｯﾄです。
16464623,2,386,4,ご不便おかけしまして誠に申し訳御座いませんでした。お詫びの青龍ｶﾞﾁｬﾁｹｯﾄです。
16511967,2,386,1,ご不便おかけしまして誠に申し訳御座いませんでした。お詫びの青龍ｶﾞﾁｬﾁｹｯﾄです。
16531708,2,386,1,ご不便おかけしまして誠に申し訳御座いませんでした。お詫びの青龍ｶﾞﾁｬﾁｹｯﾄです。
16546163,2,386,1,ご不便おかけしまして誠に申し訳御座いませんでした。お詫びの青龍ｶﾞﾁｬﾁｹｯﾄです。
16573965,2,386,12,ご不便おかけしまして誠に申し訳御座いませんでした。お詫びの青龍ｶﾞﾁｬﾁｹｯﾄです。
16638713,2,386,3,ご不便おかけしまして誠に申し訳御座いませんでした。お詫びの青龍ｶﾞﾁｬﾁｹｯﾄです。
16740759,2,386,12,ご不便おかけしまして誠に申し訳御座いませんでした。お詫びの青龍ｶﾞﾁｬﾁｹｯﾄです。
16780885,2,386,4,ご不便おかけしまして誠に申し訳御座いませんでした。お詫びの青龍ｶﾞﾁｬﾁｹｯﾄです。
16842021,2,386,1,ご不便おかけしまして誠に申し訳御座いませんでした。お詫びの青龍ｶﾞﾁｬﾁｹｯﾄです。
16885688,2,386,1,ご不便おかけしまして誠に申し訳御座いませんでした。お詫びの青龍ｶﾞﾁｬﾁｹｯﾄです。
16891166,2,386,1,ご不便おかけしまして誠に申し訳御座いませんでした。お詫びの青龍ｶﾞﾁｬﾁｹｯﾄです。
16961838,2,386,4,ご不便おかけしまして誠に申し訳御座いませんでした。お詫びの青龍ｶﾞﾁｬﾁｹｯﾄです。
17007660,2,386,3,ご不便おかけしまして誠に申し訳御座いませんでした。お詫びの青龍ｶﾞﾁｬﾁｹｯﾄです。
17094103,2,386,7,ご不便おかけしまして誠に申し訳御座いませんでした。お詫びの青龍ｶﾞﾁｬﾁｹｯﾄです。
17116267,2,386,1,ご不便おかけしまして誠に申し訳御座いませんでした。お詫びの青龍ｶﾞﾁｬﾁｹｯﾄです。
17204140,2,386,60,ご不便おかけしまして誠に申し訳御座いませんでした。お詫びの青龍ｶﾞﾁｬﾁｹｯﾄです。
17288432,2,386,6,ご不便おかけしまして誠に申し訳御座いませんでした。お詫びの青龍ｶﾞﾁｬﾁｹｯﾄです。
17342615,2,386,1,ご不便おかけしまして誠に申し訳御座いませんでした。お詫びの青龍ｶﾞﾁｬﾁｹｯﾄです。
17395331,2,386,2,ご不便おかけしまして誠に申し訳御座いませんでした。お詫びの青龍ｶﾞﾁｬﾁｹｯﾄです。
17471599,2,386,1,ご不便おかけしまして誠に申し訳御座いませんでした。お詫びの青龍ｶﾞﾁｬﾁｹｯﾄです。
17539282,2,386,3,ご不便おかけしまして誠に申し訳御座いませんでした。お詫びの青龍ｶﾞﾁｬﾁｹｯﾄです。
17633963,2,386,5,ご不便おかけしまして誠に申し訳御座いませんでした。お詫びの青龍ｶﾞﾁｬﾁｹｯﾄです。
17683965,2,386,19,ご不便おかけしまして誠に申し訳御座いませんでした。お詫びの青龍ｶﾞﾁｬﾁｹｯﾄです。
17816180,2,386,1,ご不便おかけしまして誠に申し訳御座いませんでした。お詫びの青龍ｶﾞﾁｬﾁｹｯﾄです。
17818205,2,386,1,ご不便おかけしまして誠に申し訳御座いませんでした。お詫びの青龍ｶﾞﾁｬﾁｹｯﾄです。
17872525,2,386,1,ご不便おかけしまして誠に申し訳御座いませんでした。お詫びの青龍ｶﾞﾁｬﾁｹｯﾄです。
17928210,2,386,2,ご不便おかけしまして誠に申し訳御座いませんでした。お詫びの青龍ｶﾞﾁｬﾁｹｯﾄです。
17987211,2,386,1,ご不便おかけしまして誠に申し訳御座いませんでした。お詫びの青龍ｶﾞﾁｬﾁｹｯﾄです。
18056544,2,386,2,ご不便おかけしまして誠に申し訳御座いませんでした。お詫びの青龍ｶﾞﾁｬﾁｹｯﾄです。
18071929,2,386,2,ご不便おかけしまして誠に申し訳御座いませんでした。お詫びの青龍ｶﾞﾁｬﾁｹｯﾄです。
18093987,2,386,1,ご不便おかけしまして誠に申し訳御座いませんでした。お詫びの青龍ｶﾞﾁｬﾁｹｯﾄです。
18304310,2,386,1,ご不便おかけしまして誠に申し訳御座いませんでした。お詫びの青龍ｶﾞﾁｬﾁｹｯﾄです。
18340500,2,386,10,ご不便おかけしまして誠に申し訳御座いませんでした。お詫びの青龍ｶﾞﾁｬﾁｹｯﾄです。
18419447,2,386,1,ご不便おかけしまして誠に申し訳御座いませんでした。お詫びの青龍ｶﾞﾁｬﾁｹｯﾄです。
18420167,2,386,1,ご不便おかけしまして誠に申し訳御座いませんでした。お詫びの青龍ｶﾞﾁｬﾁｹｯﾄです。
18455321,2,386,3,ご不便おかけしまして誠に申し訳御座いませんでした。お詫びの青龍ｶﾞﾁｬﾁｹｯﾄです。
18472826,2,386,2,ご不便おかけしまして誠に申し訳御座いませんでした。お詫びの青龍ｶﾞﾁｬﾁｹｯﾄです。
18523403,2,386,1,ご不便おかけしまして誠に申し訳御座いませんでした。お詫びの青龍ｶﾞﾁｬﾁｹｯﾄです。
18696787,2,386,6,ご不便おかけしまして誠に申し訳御座いませんでした。お詫びの青龍ｶﾞﾁｬﾁｹｯﾄです。
18808053,2,386,3,ご不便おかけしまして誠に申し訳御座いませんでした。お詫びの青龍ｶﾞﾁｬﾁｹｯﾄです。
18825048,2,386,10,ご不便おかけしまして誠に申し訳御座いませんでした。お詫びの青龍ｶﾞﾁｬﾁｹｯﾄです。
18851832,2,386,1,ご不便おかけしまして誠に申し訳御座いませんでした。お詫びの青龍ｶﾞﾁｬﾁｹｯﾄです。
18858060,2,386,1,ご不便おかけしまして誠に申し訳御座いませんでした。お詫びの青龍ｶﾞﾁｬﾁｹｯﾄです。
18880654,2,386,3,ご不便おかけしまして誠に申し訳御座いませんでした。お詫びの青龍ｶﾞﾁｬﾁｹｯﾄです。
18916284,2,386,33,ご不便おかけしまして誠に申し訳御座いませんでした。お詫びの青龍ｶﾞﾁｬﾁｹｯﾄです。
18920395,2,386,6,ご不便おかけしまして誠に申し訳御座いませんでした。お詫びの青龍ｶﾞﾁｬﾁｹｯﾄです。
18997011,2,386,3,ご不便おかけしまして誠に申し訳御座いませんでした。お詫びの青龍ｶﾞﾁｬﾁｹｯﾄです。
19214527,2,386,1,ご不便おかけしまして誠に申し訳御座いませんでした。お詫びの青龍ｶﾞﾁｬﾁｹｯﾄです。
19485404,2,386,5,ご不便おかけしまして誠に申し訳御座いませんでした。お詫びの青龍ｶﾞﾁｬﾁｹｯﾄです。
19811396,2,386,1,ご不便おかけしまして誠に申し訳御座いませんでした。お詫びの青龍ｶﾞﾁｬﾁｹｯﾄです。
19822179,2,386,1,ご不便おかけしまして誠に申し訳御座いませんでした。お詫びの青龍ｶﾞﾁｬﾁｹｯﾄです。
19854153,2,386,1,ご不便おかけしまして誠に申し訳御座いませんでした。お詫びの青龍ｶﾞﾁｬﾁｹｯﾄです。
20114411,2,386,1,ご不便おかけしまして誠に申し訳御座いませんでした。お詫びの青龍ｶﾞﾁｬﾁｹｯﾄです。
20188355,2,386,1,ご不便おかけしまして誠に申し訳御座いませんでした。お詫びの青龍ｶﾞﾁｬﾁｹｯﾄです。
20256608,2,386,1,ご不便おかけしまして誠に申し訳御座いませんでした。お詫びの青龍ｶﾞﾁｬﾁｹｯﾄです。
20275776,2,386,1,ご不便おかけしまして誠に申し訳御座いませんでした。お詫びの青龍ｶﾞﾁｬﾁｹｯﾄです。
20292089,2,386,33,ご不便おかけしまして誠に申し訳御座いませんでした。お詫びの青龍ｶﾞﾁｬﾁｹｯﾄです。
20417292,2,386,1,ご不便おかけしまして誠に申し訳御座いませんでした。お詫びの青龍ｶﾞﾁｬﾁｹｯﾄです。
20434889,2,386,1,ご不便おかけしまして誠に申し訳御座いませんでした。お詫びの青龍ｶﾞﾁｬﾁｹｯﾄです。
20466107,2,386,3,ご不便おかけしまして誠に申し訳御座いませんでした。お詫びの青龍ｶﾞﾁｬﾁｹｯﾄです。
20473201,2,386,14,ご不便おかけしまして誠に申し訳御座いませんでした。お詫びの青龍ｶﾞﾁｬﾁｹｯﾄです。
20536308,2,386,2,ご不便おかけしまして誠に申し訳御座いませんでした。お詫びの青龍ｶﾞﾁｬﾁｹｯﾄです。
20600757,2,386,2,ご不便おかけしまして誠に申し訳御座いませんでした。お詫びの青龍ｶﾞﾁｬﾁｹｯﾄです。
20672593,2,386,1,ご不便おかけしまして誠に申し訳御座いませんでした。お詫びの青龍ｶﾞﾁｬﾁｹｯﾄです。
20691210,2,386,7,ご不便おかけしまして誠に申し訳御座いませんでした。お詫びの青龍ｶﾞﾁｬﾁｹｯﾄです。
21001838,2,386,1,ご不便おかけしまして誠に申し訳御座いませんでした。お詫びの青龍ｶﾞﾁｬﾁｹｯﾄです。
21048669,2,386,4,ご不便おかけしまして誠に申し訳御座いませんでした。お詫びの青龍ｶﾞﾁｬﾁｹｯﾄです。
21133191,2,386,1,ご不便おかけしまして誠に申し訳御座いませんでした。お詫びの青龍ｶﾞﾁｬﾁｹｯﾄです。
21168809,2,386,1,ご不便おかけしまして誠に申し訳御座いませんでした。お詫びの青龍ｶﾞﾁｬﾁｹｯﾄです。
21234927,2,386,19,ご不便おかけしまして誠に申し訳御座いませんでした。お詫びの青龍ｶﾞﾁｬﾁｹｯﾄです。
21258046,2,386,5,ご不便おかけしまして誠に申し訳御座いませんでした。お詫びの青龍ｶﾞﾁｬﾁｹｯﾄです。
21378739,2,386,3,ご不便おかけしまして誠に申し訳御座いませんでした。お詫びの青龍ｶﾞﾁｬﾁｹｯﾄです。
21395507,2,386,2,ご不便おかけしまして誠に申し訳御座いませんでした。お詫びの青龍ｶﾞﾁｬﾁｹｯﾄです。
21505454,2,386,1,ご不便おかけしまして誠に申し訳御座いませんでした。お詫びの青龍ｶﾞﾁｬﾁｹｯﾄです。
21528283,2,386,4,ご不便おかけしまして誠に申し訳御座いませんでした。お詫びの青龍ｶﾞﾁｬﾁｹｯﾄです。
21531549,2,386,1,ご不便おかけしまして誠に申し訳御座いませんでした。お詫びの青龍ｶﾞﾁｬﾁｹｯﾄです。
21582479,2,386,1,ご不便おかけしまして誠に申し訳御座いませんでした。お詫びの青龍ｶﾞﾁｬﾁｹｯﾄです。
21711179,2,386,9,ご不便おかけしまして誠に申し訳御座いませんでした。お詫びの青龍ｶﾞﾁｬﾁｹｯﾄです。
21744089,2,386,6,ご不便おかけしまして誠に申し訳御座いませんでした。お詫びの青龍ｶﾞﾁｬﾁｹｯﾄです。
21748364,2,386,3,ご不便おかけしまして誠に申し訳御座いませんでした。お詫びの青龍ｶﾞﾁｬﾁｹｯﾄです。
21814800,2,386,1,ご不便おかけしまして誠に申し訳御座いませんでした。お詫びの青龍ｶﾞﾁｬﾁｹｯﾄです。
21885729,2,386,1,ご不便おかけしまして誠に申し訳御座いませんでした。お詫びの青龍ｶﾞﾁｬﾁｹｯﾄです。
21985665,2,386,1,ご不便おかけしまして誠に申し訳御座いませんでした。お詫びの青龍ｶﾞﾁｬﾁｹｯﾄです。
21994080,2,386,2,ご不便おかけしまして誠に申し訳御座いませんでした。お詫びの青龍ｶﾞﾁｬﾁｹｯﾄです。
22030406,2,386,5,ご不便おかけしまして誠に申し訳御座いませんでした。お詫びの青龍ｶﾞﾁｬﾁｹｯﾄです。
22068510,2,386,1,ご不便おかけしまして誠に申し訳御座いませんでした。お詫びの青龍ｶﾞﾁｬﾁｹｯﾄです。
22117439,2,386,5,ご不便おかけしまして誠に申し訳御座いませんでした。お詫びの青龍ｶﾞﾁｬﾁｹｯﾄです。
22158013,2,386,2,ご不便おかけしまして誠に申し訳御座いませんでした。お詫びの青龍ｶﾞﾁｬﾁｹｯﾄです。
22178731,2,386,1,ご不便おかけしまして誠に申し訳御座いませんでした。お詫びの青龍ｶﾞﾁｬﾁｹｯﾄです。
22431889,2,386,1,ご不便おかけしまして誠に申し訳御座いませんでした。お詫びの青龍ｶﾞﾁｬﾁｹｯﾄです。
22657073,2,386,1,ご不便おかけしまして誠に申し訳御座いませんでした。お詫びの青龍ｶﾞﾁｬﾁｹｯﾄです。
22681019,2,386,1,ご不便おかけしまして誠に申し訳御座いませんでした。お詫びの青龍ｶﾞﾁｬﾁｹｯﾄです。
22708519,2,386,1,ご不便おかけしまして誠に申し訳御座いませんでした。お詫びの青龍ｶﾞﾁｬﾁｹｯﾄです。
22715494,2,386,34,ご不便おかけしまして誠に申し訳御座いませんでした。お詫びの青龍ｶﾞﾁｬﾁｹｯﾄです。
22822406,2,386,1,ご不便おかけしまして誠に申し訳御座いませんでした。お詫びの青龍ｶﾞﾁｬﾁｹｯﾄです。
22864601,2,386,22,ご不便おかけしまして誠に申し訳御座いませんでした。お詫びの青龍ｶﾞﾁｬﾁｹｯﾄです。
22898733,2,386,1,ご不便おかけしまして誠に申し訳御座いませんでした。お詫びの青龍ｶﾞﾁｬﾁｹｯﾄです。
23009874,2,386,1,ご不便おかけしまして誠に申し訳御座いませんでした。お詫びの青龍ｶﾞﾁｬﾁｹｯﾄです。
23017342,2,386,4,ご不便おかけしまして誠に申し訳御座いませんでした。お詫びの青龍ｶﾞﾁｬﾁｹｯﾄです。
23027452,2,386,3,ご不便おかけしまして誠に申し訳御座いませんでした。お詫びの青龍ｶﾞﾁｬﾁｹｯﾄです。
23091826,2,386,1,ご不便おかけしまして誠に申し訳御座いませんでした。お詫びの青龍ｶﾞﾁｬﾁｹｯﾄです。
23120923,2,386,1,ご不便おかけしまして誠に申し訳御座いませんでした。お詫びの青龍ｶﾞﾁｬﾁｹｯﾄです。
23133967,2,386,1,ご不便おかけしまして誠に申し訳御座いませんでした。お詫びの青龍ｶﾞﾁｬﾁｹｯﾄです。
23134831,2,386,2,ご不便おかけしまして誠に申し訳御座いませんでした。お詫びの青龍ｶﾞﾁｬﾁｹｯﾄです。
23294408,2,386,1,ご不便おかけしまして誠に申し訳御座いませんでした。お詫びの青龍ｶﾞﾁｬﾁｹｯﾄです。
23425761,2,386,9,ご不便おかけしまして誠に申し訳御座いませんでした。お詫びの青龍ｶﾞﾁｬﾁｹｯﾄです。
23475371,2,386,14,ご不便おかけしまして誠に申し訳御座いませんでした。お詫びの青龍ｶﾞﾁｬﾁｹｯﾄです。
23501258,2,386,1,ご不便おかけしまして誠に申し訳御座いませんでした。お詫びの青龍ｶﾞﾁｬﾁｹｯﾄです。
23517868,2,386,3,ご不便おかけしまして誠に申し訳御座いませんでした。お詫びの青龍ｶﾞﾁｬﾁｹｯﾄです。
23638165,2,386,1,ご不便おかけしまして誠に申し訳御座いませんでした。お詫びの青龍ｶﾞﾁｬﾁｹｯﾄです。
23710257,2,386,40,ご不便おかけしまして誠に申し訳御座いませんでした。お詫びの青龍ｶﾞﾁｬﾁｹｯﾄです。
23730831,2,386,4,ご不便おかけしまして誠に申し訳御座いませんでした。お詫びの青龍ｶﾞﾁｬﾁｹｯﾄです。
23909185,2,386,4,ご不便おかけしまして誠に申し訳御座いませんでした。お詫びの青龍ｶﾞﾁｬﾁｹｯﾄです。
23934091,2,386,1,ご不便おかけしまして誠に申し訳御座いませんでした。お詫びの青龍ｶﾞﾁｬﾁｹｯﾄです。
24005705,2,386,3,ご不便おかけしまして誠に申し訳御座いませんでした。お詫びの青龍ｶﾞﾁｬﾁｹｯﾄです。
24217321,2,386,1,ご不便おかけしまして誠に申し訳御座いませんでした。お詫びの青龍ｶﾞﾁｬﾁｹｯﾄです。
24267728,2,386,1,ご不便おかけしまして誠に申し訳御座いませんでした。お詫びの青龍ｶﾞﾁｬﾁｹｯﾄです。
24377218,2,386,1,ご不便おかけしまして誠に申し訳御座いませんでした。お詫びの青龍ｶﾞﾁｬﾁｹｯﾄです。
24416717,2,386,6,ご不便おかけしまして誠に申し訳御座いませんでした。お詫びの青龍ｶﾞﾁｬﾁｹｯﾄです。
24475893,2,386,1,ご不便おかけしまして誠に申し訳御座いませんでした。お詫びの青龍ｶﾞﾁｬﾁｹｯﾄです。
24549886,2,386,4,ご不便おかけしまして誠に申し訳御座いませんでした。お詫びの青龍ｶﾞﾁｬﾁｹｯﾄです。
24614469,2,386,1,ご不便おかけしまして誠に申し訳御座いませんでした。お詫びの青龍ｶﾞﾁｬﾁｹｯﾄです。
24736993,2,386,2,ご不便おかけしまして誠に申し訳御座いませんでした。お詫びの青龍ｶﾞﾁｬﾁｹｯﾄです。
24802092,2,386,2,ご不便おかけしまして誠に申し訳御座いませんでした。お詫びの青龍ｶﾞﾁｬﾁｹｯﾄです。
24918992,2,386,21,ご不便おかけしまして誠に申し訳御座いませんでした。お詫びの青龍ｶﾞﾁｬﾁｹｯﾄです。
24950281,2,386,3,ご不便おかけしまして誠に申し訳御座いませんでした。お詫びの青龍ｶﾞﾁｬﾁｹｯﾄです。
24989526,2,386,1,ご不便おかけしまして誠に申し訳御座いませんでした。お詫びの青龍ｶﾞﾁｬﾁｹｯﾄです。
25029848,2,386,1,ご不便おかけしまして誠に申し訳御座いませんでした。お詫びの青龍ｶﾞﾁｬﾁｹｯﾄです。
25036490,2,386,2,ご不便おかけしまして誠に申し訳御座いませんでした。お詫びの青龍ｶﾞﾁｬﾁｹｯﾄです。
25146511,2,386,1,ご不便おかけしまして誠に申し訳御座いませんでした。お詫びの青龍ｶﾞﾁｬﾁｹｯﾄです。
25218025,2,386,1,ご不便おかけしまして誠に申し訳御座いませんでした。お詫びの青龍ｶﾞﾁｬﾁｹｯﾄです。
25359843,2,386,1,ご不便おかけしまして誠に申し訳御座いませんでした。お詫びの青龍ｶﾞﾁｬﾁｹｯﾄです。
25641535,2,386,1,ご不便おかけしまして誠に申し訳御座いませんでした。お詫びの青龍ｶﾞﾁｬﾁｹｯﾄです。
25677395,2,386,2,ご不便おかけしまして誠に申し訳御座いませんでした。お詫びの青龍ｶﾞﾁｬﾁｹｯﾄです。
25783751,2,386,11,ご不便おかけしまして誠に申し訳御座いませんでした。お詫びの青龍ｶﾞﾁｬﾁｹｯﾄです。
25910152,2,386,6,ご不便おかけしまして誠に申し訳御座いませんでした。お詫びの青龍ｶﾞﾁｬﾁｹｯﾄです。
25929507,2,386,2,ご不便おかけしまして誠に申し訳御座いませんでした。お詫びの青龍ｶﾞﾁｬﾁｹｯﾄです。
25980320,2,386,2,ご不便おかけしまして誠に申し訳御座いませんでした。お詫びの青龍ｶﾞﾁｬﾁｹｯﾄです。
26000616,2,386,2,ご不便おかけしまして誠に申し訳御座いませんでした。お詫びの青龍ｶﾞﾁｬﾁｹｯﾄです。
26003758,2,386,13,ご不便おかけしまして誠に申し訳御座いませんでした。お詫びの青龍ｶﾞﾁｬﾁｹｯﾄです。
26010997,2,386,1,ご不便おかけしまして誠に申し訳御座いませんでした。お詫びの青龍ｶﾞﾁｬﾁｹｯﾄです。
26027397,2,386,2,ご不便おかけしまして誠に申し訳御座いませんでした。お詫びの青龍ｶﾞﾁｬﾁｹｯﾄです。
26050724,2,386,1,ご不便おかけしまして誠に申し訳御座いませんでした。お詫びの青龍ｶﾞﾁｬﾁｹｯﾄです。
26145804,2,386,5,ご不便おかけしまして誠に申し訳御座いませんでした。お詫びの青龍ｶﾞﾁｬﾁｹｯﾄです。
26397221,2,386,2,ご不便おかけしまして誠に申し訳御座いませんでした。お詫びの青龍ｶﾞﾁｬﾁｹｯﾄです。
26412300,2,386,11,ご不便おかけしまして誠に申し訳御座いませんでした。お詫びの青龍ｶﾞﾁｬﾁｹｯﾄです。
26482354,2,386,1,ご不便おかけしまして誠に申し訳御座いませんでした。お詫びの青龍ｶﾞﾁｬﾁｹｯﾄです。
26687589,2,386,2,ご不便おかけしまして誠に申し訳御座いませんでした。お詫びの青龍ｶﾞﾁｬﾁｹｯﾄです。
26738180,2,386,3,ご不便おかけしまして誠に申し訳御座いませんでした。お詫びの青龍ｶﾞﾁｬﾁｹｯﾄです。
26779504,2,386,25,ご不便おかけしまして誠に申し訳御座いませんでした。お詫びの青龍ｶﾞﾁｬﾁｹｯﾄです。
26825348,2,386,3,ご不便おかけしまして誠に申し訳御座いませんでした。お詫びの青龍ｶﾞﾁｬﾁｹｯﾄです。
26893744,2,386,2,ご不便おかけしまして誠に申し訳御座いませんでした。お詫びの青龍ｶﾞﾁｬﾁｹｯﾄです。
26916124,2,386,5,ご不便おかけしまして誠に申し訳御座いませんでした。お詫びの青龍ｶﾞﾁｬﾁｹｯﾄです。
26948686,2,386,1,ご不便おかけしまして誠に申し訳御座いませんでした。お詫びの青龍ｶﾞﾁｬﾁｹｯﾄです。
27056613,2,386,4,ご不便おかけしまして誠に申し訳御座いませんでした。お詫びの青龍ｶﾞﾁｬﾁｹｯﾄです。
27060690,2,386,6,ご不便おかけしまして誠に申し訳御座いませんでした。お詫びの青龍ｶﾞﾁｬﾁｹｯﾄです。
27078187,2,386,2,ご不便おかけしまして誠に申し訳御座いませんでした。お詫びの青龍ｶﾞﾁｬﾁｹｯﾄです。
27139817,2,386,1,ご不便おかけしまして誠に申し訳御座いませんでした。お詫びの青龍ｶﾞﾁｬﾁｹｯﾄです。
27225387,2,386,8,ご不便おかけしまして誠に申し訳御座いませんでした。お詫びの青龍ｶﾞﾁｬﾁｹｯﾄです。
27303511,2,386,1,ご不便おかけしまして誠に申し訳御座いませんでした。お詫びの青龍ｶﾞﾁｬﾁｹｯﾄです。
27348636,2,386,2,ご不便おかけしまして誠に申し訳御座いませんでした。お詫びの青龍ｶﾞﾁｬﾁｹｯﾄです。
27372799,2,386,6,ご不便おかけしまして誠に申し訳御座いませんでした。お詫びの青龍ｶﾞﾁｬﾁｹｯﾄです。
27506085,2,386,1,ご不便おかけしまして誠に申し訳御座いませんでした。お詫びの青龍ｶﾞﾁｬﾁｹｯﾄです。
27658233,2,386,1,ご不便おかけしまして誠に申し訳御座いませんでした。お詫びの青龍ｶﾞﾁｬﾁｹｯﾄです。
27668668,2,386,4,ご不便おかけしまして誠に申し訳御座いませんでした。お詫びの青龍ｶﾞﾁｬﾁｹｯﾄです。
27793997,2,386,1,ご不便おかけしまして誠に申し訳御座いませんでした。お詫びの青龍ｶﾞﾁｬﾁｹｯﾄです。
27806013,2,386,2,ご不便おかけしまして誠に申し訳御座いませんでした。お詫びの青龍ｶﾞﾁｬﾁｹｯﾄです。
27876344,2,386,1,ご不便おかけしまして誠に申し訳御座いませんでした。お詫びの青龍ｶﾞﾁｬﾁｹｯﾄです。
28017121,2,386,8,ご不便おかけしまして誠に申し訳御座いませんでした。お詫びの青龍ｶﾞﾁｬﾁｹｯﾄです。
28180259,2,386,6,ご不便おかけしまして誠に申し訳御座いませんでした。お詫びの青龍ｶﾞﾁｬﾁｹｯﾄです。
28189891,2,386,3,ご不便おかけしまして誠に申し訳御座いませんでした。お詫びの青龍ｶﾞﾁｬﾁｹｯﾄです。
28210878,2,386,5,ご不便おかけしまして誠に申し訳御座いませんでした。お詫びの青龍ｶﾞﾁｬﾁｹｯﾄです。
28221117,2,386,1,ご不便おかけしまして誠に申し訳御座いませんでした。お詫びの青龍ｶﾞﾁｬﾁｹｯﾄです。
28291110,2,386,1,ご不便おかけしまして誠に申し訳御座いませんでした。お詫びの青龍ｶﾞﾁｬﾁｹｯﾄです。
28342845,2,386,2,ご不便おかけしまして誠に申し訳御座いませんでした。お詫びの青龍ｶﾞﾁｬﾁｹｯﾄです。
28415444,2,386,1,ご不便おかけしまして誠に申し訳御座いませんでした。お詫びの青龍ｶﾞﾁｬﾁｹｯﾄです。
28678040,2,386,1,ご不便おかけしまして誠に申し訳御座いませんでした。お詫びの青龍ｶﾞﾁｬﾁｹｯﾄです。
28704459,2,386,1,ご不便おかけしまして誠に申し訳御座いませんでした。お詫びの青龍ｶﾞﾁｬﾁｹｯﾄです。
28757044,2,386,1,ご不便おかけしまして誠に申し訳御座いませんでした。お詫びの青龍ｶﾞﾁｬﾁｹｯﾄです。
28832369,2,386,1,ご不便おかけしまして誠に申し訳御座いませんでした。お詫びの青龍ｶﾞﾁｬﾁｹｯﾄです。
28845591,2,386,1,ご不便おかけしまして誠に申し訳御座いませんでした。お詫びの青龍ｶﾞﾁｬﾁｹｯﾄです。
28880110,2,386,1,ご不便おかけしまして誠に申し訳御座いませんでした。お詫びの青龍ｶﾞﾁｬﾁｹｯﾄです。
29048824,2,386,1,ご不便おかけしまして誠に申し訳御座いませんでした。お詫びの青龍ｶﾞﾁｬﾁｹｯﾄです。
29061178,2,386,1,ご不便おかけしまして誠に申し訳御座いませんでした。お詫びの青龍ｶﾞﾁｬﾁｹｯﾄです。
29086883,2,386,1,ご不便おかけしまして誠に申し訳御座いませんでした。お詫びの青龍ｶﾞﾁｬﾁｹｯﾄです。
29136956,2,386,3,ご不便おかけしまして誠に申し訳御座いませんでした。お詫びの青龍ｶﾞﾁｬﾁｹｯﾄです。
29229294,2,386,1,ご不便おかけしまして誠に申し訳御座いませんでした。お詫びの青龍ｶﾞﾁｬﾁｹｯﾄです。
29361582,2,386,1,ご不便おかけしまして誠に申し訳御座いませんでした。お詫びの青龍ｶﾞﾁｬﾁｹｯﾄです。
29694943,2,386,3,ご不便おかけしまして誠に申し訳御座いませんでした。お詫びの青龍ｶﾞﾁｬﾁｹｯﾄです。
29710354,2,386,1,ご不便おかけしまして誠に申し訳御座いませんでした。お詫びの青龍ｶﾞﾁｬﾁｹｯﾄです。
29900184,2,386,3,ご不便おかけしまして誠に申し訳御座いませんでした。お詫びの青龍ｶﾞﾁｬﾁｹｯﾄです。
29993256,2,386,1,ご不便おかけしまして誠に申し訳御座いませんでした。お詫びの青龍ｶﾞﾁｬﾁｹｯﾄです。
29993909,2,386,1,ご不便おかけしまして誠に申し訳御座いませんでした。お詫びの青龍ｶﾞﾁｬﾁｹｯﾄです。
30042469,2,386,44,ご不便おかけしまして誠に申し訳御座いませんでした。お詫びの青龍ｶﾞﾁｬﾁｹｯﾄです。
30069481,2,386,4,ご不便おかけしまして誠に申し訳御座いませんでした。お詫びの青龍ｶﾞﾁｬﾁｹｯﾄです。
30120386,2,386,2,ご不便おかけしまして誠に申し訳御座いませんでした。お詫びの青龍ｶﾞﾁｬﾁｹｯﾄです。
30154652,2,386,1,ご不便おかけしまして誠に申し訳御座いませんでした。お詫びの青龍ｶﾞﾁｬﾁｹｯﾄです。
30156868,2,386,4,ご不便おかけしまして誠に申し訳御座いませんでした。お詫びの青龍ｶﾞﾁｬﾁｹｯﾄです。
30418475,2,386,9,ご不便おかけしまして誠に申し訳御座いませんでした。お詫びの青龍ｶﾞﾁｬﾁｹｯﾄです。
30468966,2,386,10,ご不便おかけしまして誠に申し訳御座いませんでした。お詫びの青龍ｶﾞﾁｬﾁｹｯﾄです。
30499227,2,386,1,ご不便おかけしまして誠に申し訳御座いませんでした。お詫びの青龍ｶﾞﾁｬﾁｹｯﾄです。
30527862,2,386,3,ご不便おかけしまして誠に申し訳御座いませんでした。お詫びの青龍ｶﾞﾁｬﾁｹｯﾄです。
30557967,2,386,3,ご不便おかけしまして誠に申し訳御座いませんでした。お詫びの青龍ｶﾞﾁｬﾁｹｯﾄです。
30597417,2,386,2,ご不便おかけしまして誠に申し訳御座いませんでした。お詫びの青龍ｶﾞﾁｬﾁｹｯﾄです。
30603939,2,386,11,ご不便おかけしまして誠に申し訳御座いませんでした。お詫びの青龍ｶﾞﾁｬﾁｹｯﾄです。
30627605,2,386,5,ご不便おかけしまして誠に申し訳御座いませんでした。お詫びの青龍ｶﾞﾁｬﾁｹｯﾄです。
30658574,2,386,2,ご不便おかけしまして誠に申し訳御座いませんでした。お詫びの青龍ｶﾞﾁｬﾁｹｯﾄです。
30698495,2,386,1,ご不便おかけしまして誠に申し訳御座いませんでした。お詫びの青龍ｶﾞﾁｬﾁｹｯﾄです。
30773626,2,386,1,ご不便おかけしまして誠に申し訳御座いませんでした。お詫びの青龍ｶﾞﾁｬﾁｹｯﾄです。
30799162,2,386,1,ご不便おかけしまして誠に申し訳御座いませんでした。お詫びの青龍ｶﾞﾁｬﾁｹｯﾄです。
30829753,2,386,1,ご不便おかけしまして誠に申し訳御座いませんでした。お詫びの青龍ｶﾞﾁｬﾁｹｯﾄです。
30924366,2,386,1,ご不便おかけしまして誠に申し訳御座いませんでした。お詫びの青龍ｶﾞﾁｬﾁｹｯﾄです。
30931822,2,386,1,ご不便おかけしまして誠に申し訳御座いませんでした。お詫びの青龍ｶﾞﾁｬﾁｹｯﾄです。
31079773,2,386,1,ご不便おかけしまして誠に申し訳御座いませんでした。お詫びの青龍ｶﾞﾁｬﾁｹｯﾄです。
31123716,2,386,4,ご不便おかけしまして誠に申し訳御座いませんでした。お詫びの青龍ｶﾞﾁｬﾁｹｯﾄです。
31226264,2,386,1,ご不便おかけしまして誠に申し訳御座いませんでした。お詫びの青龍ｶﾞﾁｬﾁｹｯﾄです。
31239244,2,386,2,ご不便おかけしまして誠に申し訳御座いませんでした。お詫びの青龍ｶﾞﾁｬﾁｹｯﾄです。
31277299,2,386,1,ご不便おかけしまして誠に申し訳御座いませんでした。お詫びの青龍ｶﾞﾁｬﾁｹｯﾄです。
31369602,2,386,1,ご不便おかけしまして誠に申し訳御座いませんでした。お詫びの青龍ｶﾞﾁｬﾁｹｯﾄです。
31423719,2,386,1,ご不便おかけしまして誠に申し訳御座いませんでした。お詫びの青龍ｶﾞﾁｬﾁｹｯﾄです。
31437369,2,386,1,ご不便おかけしまして誠に申し訳御座いませんでした。お詫びの青龍ｶﾞﾁｬﾁｹｯﾄです。
31444907,2,386,24,ご不便おかけしまして誠に申し訳御座いませんでした。お詫びの青龍ｶﾞﾁｬﾁｹｯﾄです。
31473603,2,386,1,ご不便おかけしまして誠に申し訳御座いませんでした。お詫びの青龍ｶﾞﾁｬﾁｹｯﾄです。
31486112,2,386,3,ご不便おかけしまして誠に申し訳御座いませんでした。お詫びの青龍ｶﾞﾁｬﾁｹｯﾄです。
31486621,2,386,1,ご不便おかけしまして誠に申し訳御座いませんでした。お詫びの青龍ｶﾞﾁｬﾁｹｯﾄです。
31536169,2,386,1,ご不便おかけしまして誠に申し訳御座いませんでした。お詫びの青龍ｶﾞﾁｬﾁｹｯﾄです。
31648807,2,386,1,ご不便おかけしまして誠に申し訳御座いませんでした。お詫びの青龍ｶﾞﾁｬﾁｹｯﾄです。
31676593,2,386,1,ご不便おかけしまして誠に申し訳御座いませんでした。お詫びの青龍ｶﾞﾁｬﾁｹｯﾄです。
31683152,2,386,3,ご不便おかけしまして誠に申し訳御座いませんでした。お詫びの青龍ｶﾞﾁｬﾁｹｯﾄです。
31686840,2,386,3,ご不便おかけしまして誠に申し訳御座いませんでした。お詫びの青龍ｶﾞﾁｬﾁｹｯﾄです。
31701427,2,386,13,ご不便おかけしまして誠に申し訳御座いませんでした。お詫びの青龍ｶﾞﾁｬﾁｹｯﾄです。
31722437,2,386,2,ご不便おかけしまして誠に申し訳御座いませんでした。お詫びの青龍ｶﾞﾁｬﾁｹｯﾄです。
31849108,2,386,8,ご不便おかけしまして誠に申し訳御座いませんでした。お詫びの青龍ｶﾞﾁｬﾁｹｯﾄです。
31876382,2,386,1,ご不便おかけしまして誠に申し訳御座いませんでした。お詫びの青龍ｶﾞﾁｬﾁｹｯﾄです。
31991212,2,386,1,ご不便おかけしまして誠に申し訳御座いませんでした。お詫びの青龍ｶﾞﾁｬﾁｹｯﾄです。
32043310,2,386,3,ご不便おかけしまして誠に申し訳御座いませんでした。お詫びの青龍ｶﾞﾁｬﾁｹｯﾄです。
32057630,2,386,2,ご不便おかけしまして誠に申し訳御座いませんでした。お詫びの青龍ｶﾞﾁｬﾁｹｯﾄです。
32073931,2,386,1,ご不便おかけしまして誠に申し訳御座いませんでした。お詫びの青龍ｶﾞﾁｬﾁｹｯﾄです。
32131945,2,386,3,ご不便おかけしまして誠に申し訳御座いませんでした。お詫びの青龍ｶﾞﾁｬﾁｹｯﾄです。
32133692,2,386,2,ご不便おかけしまして誠に申し訳御座いませんでした。お詫びの青龍ｶﾞﾁｬﾁｹｯﾄです。
32151054,2,386,5,ご不便おかけしまして誠に申し訳御座いませんでした。お詫びの青龍ｶﾞﾁｬﾁｹｯﾄです。
32174604,2,386,1,ご不便おかけしまして誠に申し訳御座いませんでした。お詫びの青龍ｶﾞﾁｬﾁｹｯﾄです。
32269679,2,386,2,ご不便おかけしまして誠に申し訳御座いませんでした。お詫びの青龍ｶﾞﾁｬﾁｹｯﾄです。
32302252,2,386,1,ご不便おかけしまして誠に申し訳御座いませんでした。お詫びの青龍ｶﾞﾁｬﾁｹｯﾄです。
32430461,2,386,1,ご不便おかけしまして誠に申し訳御座いませんでした。お詫びの青龍ｶﾞﾁｬﾁｹｯﾄです。
32598193,2,386,7,ご不便おかけしまして誠に申し訳御座いませんでした。お詫びの青龍ｶﾞﾁｬﾁｹｯﾄです。
32632307,2,386,1,ご不便おかけしまして誠に申し訳御座いませんでした。お詫びの青龍ｶﾞﾁｬﾁｹｯﾄです。
32764459,2,386,2,ご不便おかけしまして誠に申し訳御座いませんでした。お詫びの青龍ｶﾞﾁｬﾁｹｯﾄです。
32817608,2,386,27,ご不便おかけしまして誠に申し訳御座いませんでした。お詫びの青龍ｶﾞﾁｬﾁｹｯﾄです。
32826354,2,386,1,ご不便おかけしまして誠に申し訳御座いませんでした。お詫びの青龍ｶﾞﾁｬﾁｹｯﾄです。
32837637,2,386,1,ご不便おかけしまして誠に申し訳御座いませんでした。お詫びの青龍ｶﾞﾁｬﾁｹｯﾄです。
33121576,2,386,16,ご不便おかけしまして誠に申し訳御座いませんでした。お詫びの青龍ｶﾞﾁｬﾁｹｯﾄです。
33226850,2,386,6,ご不便おかけしまして誠に申し訳御座いませんでした。お詫びの青龍ｶﾞﾁｬﾁｹｯﾄです。
33245400,2,386,9,ご不便おかけしまして誠に申し訳御座いませんでした。お詫びの青龍ｶﾞﾁｬﾁｹｯﾄです。
33318068,2,386,1,ご不便おかけしまして誠に申し訳御座いませんでした。お詫びの青龍ｶﾞﾁｬﾁｹｯﾄです。
33329760,2,386,4,ご不便おかけしまして誠に申し訳御座いませんでした。お詫びの青龍ｶﾞﾁｬﾁｹｯﾄです。
33354723,2,386,2,ご不便おかけしまして誠に申し訳御座いませんでした。お詫びの青龍ｶﾞﾁｬﾁｹｯﾄです。
33391204,2,386,1,ご不便おかけしまして誠に申し訳御座いませんでした。お詫びの青龍ｶﾞﾁｬﾁｹｯﾄです。
33445428,2,386,2,ご不便おかけしまして誠に申し訳御座いませんでした。お詫びの青龍ｶﾞﾁｬﾁｹｯﾄです。
33652629,2,386,1,ご不便おかけしまして誠に申し訳御座いませんでした。お詫びの青龍ｶﾞﾁｬﾁｹｯﾄです。
33654499,2,386,2,ご不便おかけしまして誠に申し訳御座いませんでした。お詫びの青龍ｶﾞﾁｬﾁｹｯﾄです。
33686899,2,386,4,ご不便おかけしまして誠に申し訳御座いませんでした。お詫びの青龍ｶﾞﾁｬﾁｹｯﾄです。
33721789,2,386,11,ご不便おかけしまして誠に申し訳御座いませんでした。お詫びの青龍ｶﾞﾁｬﾁｹｯﾄです。
33741470,2,386,2,ご不便おかけしまして誠に申し訳御座いませんでした。お詫びの青龍ｶﾞﾁｬﾁｹｯﾄです。
33833521,2,386,4,ご不便おかけしまして誠に申し訳御座いませんでした。お詫びの青龍ｶﾞﾁｬﾁｹｯﾄです。
34012007,2,386,1,ご不便おかけしまして誠に申し訳御座いませんでした。お詫びの青龍ｶﾞﾁｬﾁｹｯﾄです。
34041673,2,386,1,ご不便おかけしまして誠に申し訳御座いませんでした。お詫びの青龍ｶﾞﾁｬﾁｹｯﾄです。
34078298,2,386,1,ご不便おかけしまして誠に申し訳御座いませんでした。お詫びの青龍ｶﾞﾁｬﾁｹｯﾄです。
34086136,2,386,8,ご不便おかけしまして誠に申し訳御座いませんでした。お詫びの青龍ｶﾞﾁｬﾁｹｯﾄです。
34126402,2,386,1,ご不便おかけしまして誠に申し訳御座いませんでした。お詫びの青龍ｶﾞﾁｬﾁｹｯﾄです。
34341991,2,386,1,ご不便おかけしまして誠に申し訳御座いませんでした。お詫びの青龍ｶﾞﾁｬﾁｹｯﾄです。
34474540,2,386,1,ご不便おかけしまして誠に申し訳御座いませんでした。お詫びの青龍ｶﾞﾁｬﾁｹｯﾄです。
34613747,2,386,1,ご不便おかけしまして誠に申し訳御座いませんでした。お詫びの青龍ｶﾞﾁｬﾁｹｯﾄです。
34618610,2,386,1,ご不便おかけしまして誠に申し訳御座いませんでした。お詫びの青龍ｶﾞﾁｬﾁｹｯﾄです。
34646253,2,386,1,ご不便おかけしまして誠に申し訳御座いませんでした。お詫びの青龍ｶﾞﾁｬﾁｹｯﾄです。
34709271,2,386,1,ご不便おかけしまして誠に申し訳御座いませんでした。お詫びの青龍ｶﾞﾁｬﾁｹｯﾄです。
34751363,2,386,4,ご不便おかけしまして誠に申し訳御座いませんでした。お詫びの青龍ｶﾞﾁｬﾁｹｯﾄです。
34865711,2,386,2,ご不便おかけしまして誠に申し訳御座いませんでした。お詫びの青龍ｶﾞﾁｬﾁｹｯﾄです。
35043470,2,386,2,ご不便おかけしまして誠に申し訳御座いませんでした。お詫びの青龍ｶﾞﾁｬﾁｹｯﾄです。
35139228,2,386,3,ご不便おかけしまして誠に申し訳御座いませんでした。お詫びの青龍ｶﾞﾁｬﾁｹｯﾄです。
35249772,2,386,1,ご不便おかけしまして誠に申し訳御座いませんでした。お詫びの青龍ｶﾞﾁｬﾁｹｯﾄです。
35295886,2,386,2,ご不便おかけしまして誠に申し訳御座いませんでした。お詫びの青龍ｶﾞﾁｬﾁｹｯﾄです。
35331850,2,386,1,ご不便おかけしまして誠に申し訳御座いませんでした。お詫びの青龍ｶﾞﾁｬﾁｹｯﾄです。
35408303,2,386,2,ご不便おかけしまして誠に申し訳御座いませんでした。お詫びの青龍ｶﾞﾁｬﾁｹｯﾄです。
35657999,2,386,2,ご不便おかけしまして誠に申し訳御座いませんでした。お詫びの青龍ｶﾞﾁｬﾁｹｯﾄです。
35722670,2,386,1,ご不便おかけしまして誠に申し訳御座いませんでした。お詫びの青龍ｶﾞﾁｬﾁｹｯﾄです。
35736880,2,386,5,ご不便おかけしまして誠に申し訳御座いませんでした。お詫びの青龍ｶﾞﾁｬﾁｹｯﾄです。
35791329,2,386,7,ご不便おかけしまして誠に申し訳御座いませんでした。お詫びの青龍ｶﾞﾁｬﾁｹｯﾄです。
35833716,2,386,1,ご不便おかけしまして誠に申し訳御座いませんでした。お詫びの青龍ｶﾞﾁｬﾁｹｯﾄです。
35865871,2,386,20,ご不便おかけしまして誠に申し訳御座いませんでした。お詫びの青龍ｶﾞﾁｬﾁｹｯﾄです。
35956173,2,386,1,ご不便おかけしまして誠に申し訳御座いませんでした。お詫びの青龍ｶﾞﾁｬﾁｹｯﾄです。
35987577,2,386,15,ご不便おかけしまして誠に申し訳御座いませんでした。お詫びの青龍ｶﾞﾁｬﾁｹｯﾄです。
36057167,2,386,2,ご不便おかけしまして誠に申し訳御座いませんでした。お詫びの青龍ｶﾞﾁｬﾁｹｯﾄです。
36092385,2,386,1,ご不便おかけしまして誠に申し訳御座いませんでした。お詫びの青龍ｶﾞﾁｬﾁｹｯﾄです。
36396835,2,386,17,ご不便おかけしまして誠に申し訳御座いませんでした。お詫びの青龍ｶﾞﾁｬﾁｹｯﾄです。
36435299,2,386,2,ご不便おかけしまして誠に申し訳御座いませんでした。お詫びの青龍ｶﾞﾁｬﾁｹｯﾄです。
36467085,2,386,30,ご不便おかけしまして誠に申し訳御座いませんでした。お詫びの青龍ｶﾞﾁｬﾁｹｯﾄです。
36504382,2,386,2,ご不便おかけしまして誠に申し訳御座いませんでした。お詫びの青龍ｶﾞﾁｬﾁｹｯﾄです。
36565893,2,386,6,ご不便おかけしまして誠に申し訳御座いませんでした。お詫びの青龍ｶﾞﾁｬﾁｹｯﾄです。
36650730,2,386,1,ご不便おかけしまして誠に申し訳御座いませんでした。お詫びの青龍ｶﾞﾁｬﾁｹｯﾄです。
36661470,2,386,8,ご不便おかけしまして誠に申し訳御座いませんでした。お詫びの青龍ｶﾞﾁｬﾁｹｯﾄです。
36735162,2,386,2,ご不便おかけしまして誠に申し訳御座いませんでした。お詫びの青龍ｶﾞﾁｬﾁｹｯﾄです。
36756145,2,386,14,ご不便おかけしまして誠に申し訳御座いませんでした。お詫びの青龍ｶﾞﾁｬﾁｹｯﾄです。
36859839,2,386,3,ご不便おかけしまして誠に申し訳御座いませんでした。お詫びの青龍ｶﾞﾁｬﾁｹｯﾄです。
36980236,2,386,9,ご不便おかけしまして誠に申し訳御座いませんでした。お詫びの青龍ｶﾞﾁｬﾁｹｯﾄです。
37045473,2,386,1,ご不便おかけしまして誠に申し訳御座いませんでした。お詫びの青龍ｶﾞﾁｬﾁｹｯﾄです。
37144243,2,386,9,ご不便おかけしまして誠に申し訳御座いませんでした。お詫びの青龍ｶﾞﾁｬﾁｹｯﾄです。
37323199,2,386,7,ご不便おかけしまして誠に申し訳御座いませんでした。お詫びの青龍ｶﾞﾁｬﾁｹｯﾄです。
37504097,2,386,1,ご不便おかけしまして誠に申し訳御座いませんでした。お詫びの青龍ｶﾞﾁｬﾁｹｯﾄです。
37613261,2,386,1,ご不便おかけしまして誠に申し訳御座いませんでした。お詫びの青龍ｶﾞﾁｬﾁｹｯﾄです。
37631144,2,386,1,ご不便おかけしまして誠に申し訳御座いませんでした。お詫びの青龍ｶﾞﾁｬﾁｹｯﾄです。
37680737,2,386,1,ご不便おかけしまして誠に申し訳御座いませんでした。お詫びの青龍ｶﾞﾁｬﾁｹｯﾄです。
37754889,2,386,1,ご不便おかけしまして誠に申し訳御座いませんでした。お詫びの青龍ｶﾞﾁｬﾁｹｯﾄです。
37883326,2,386,37,ご不便おかけしまして誠に申し訳御座いませんでした。お詫びの青龍ｶﾞﾁｬﾁｹｯﾄです。
37978248,2,386,1,ご不便おかけしまして誠に申し訳御座いませんでした。お詫びの青龍ｶﾞﾁｬﾁｹｯﾄです。
37989764,2,386,2,ご不便おかけしまして誠に申し訳御座いませんでした。お詫びの青龍ｶﾞﾁｬﾁｹｯﾄです。
38154297,2,386,1,ご不便おかけしまして誠に申し訳御座いませんでした。お詫びの青龍ｶﾞﾁｬﾁｹｯﾄです。
38500129,2,386,1,ご不便おかけしまして誠に申し訳御座いませんでした。お詫びの青龍ｶﾞﾁｬﾁｹｯﾄです。
38577644,2,386,1,ご不便おかけしまして誠に申し訳御座いませんでした。お詫びの青龍ｶﾞﾁｬﾁｹｯﾄです。
38664367,2,386,1,ご不便おかけしまして誠に申し訳御座いませんでした。お詫びの青龍ｶﾞﾁｬﾁｹｯﾄです。
38714033,2,386,2,ご不便おかけしまして誠に申し訳御座いませんでした。お詫びの青龍ｶﾞﾁｬﾁｹｯﾄです。
38737578,2,386,4,ご不便おかけしまして誠に申し訳御座いませんでした。お詫びの青龍ｶﾞﾁｬﾁｹｯﾄです。
38916028,2,386,11,ご不便おかけしまして誠に申し訳御座いませんでした。お詫びの青龍ｶﾞﾁｬﾁｹｯﾄです。
39210952,2,386,21,ご不便おかけしまして誠に申し訳御座いませんでした。お詫びの青龍ｶﾞﾁｬﾁｹｯﾄです。
39225409,2,386,1,ご不便おかけしまして誠に申し訳御座いませんでした。お詫びの青龍ｶﾞﾁｬﾁｹｯﾄです。
39438273,2,386,1,ご不便おかけしまして誠に申し訳御座いませんでした。お詫びの青龍ｶﾞﾁｬﾁｹｯﾄです。
39443928,2,386,4,ご不便おかけしまして誠に申し訳御座いませんでした。お詫びの青龍ｶﾞﾁｬﾁｹｯﾄです。
39454593,2,386,2,ご不便おかけしまして誠に申し訳御座いませんでした。お詫びの青龍ｶﾞﾁｬﾁｹｯﾄです。
39520631,2,386,2,ご不便おかけしまして誠に申し訳御座いませんでした。お詫びの青龍ｶﾞﾁｬﾁｹｯﾄです。
39536747,2,386,2,ご不便おかけしまして誠に申し訳御座いませんでした。お詫びの青龍ｶﾞﾁｬﾁｹｯﾄです。
39580447,2,386,2,ご不便おかけしまして誠に申し訳御座いませんでした。お詫びの青龍ｶﾞﾁｬﾁｹｯﾄです。
39619887,2,386,1,ご不便おかけしまして誠に申し訳御座いませんでした。お詫びの青龍ｶﾞﾁｬﾁｹｯﾄです。
39651191,2,386,4,ご不便おかけしまして誠に申し訳御座いませんでした。お詫びの青龍ｶﾞﾁｬﾁｹｯﾄです。
39756939,2,386,6,ご不便おかけしまして誠に申し訳御座いませんでした。お詫びの青龍ｶﾞﾁｬﾁｹｯﾄです。
39782349,2,386,2,ご不便おかけしまして誠に申し訳御座いませんでした。お詫びの青龍ｶﾞﾁｬﾁｹｯﾄです。
39954129,2,386,1,ご不便おかけしまして誠に申し訳御座いませんでした。お詫びの青龍ｶﾞﾁｬﾁｹｯﾄです。
40035084,2,386,2,ご不便おかけしまして誠に申し訳御座いませんでした。お詫びの青龍ｶﾞﾁｬﾁｹｯﾄです。
40046161,2,386,30,ご不便おかけしまして誠に申し訳御座いませんでした。お詫びの青龍ｶﾞﾁｬﾁｹｯﾄです。
40070888,2,386,1,ご不便おかけしまして誠に申し訳御座いませんでした。お詫びの青龍ｶﾞﾁｬﾁｹｯﾄです。
40171468,2,386,1,ご不便おかけしまして誠に申し訳御座いませんでした。お詫びの青龍ｶﾞﾁｬﾁｹｯﾄです。
40179969,2,386,4,ご不便おかけしまして誠に申し訳御座いませんでした。お詫びの青龍ｶﾞﾁｬﾁｹｯﾄです。
40246354,2,386,1,ご不便おかけしまして誠に申し訳御座いませんでした。お詫びの青龍ｶﾞﾁｬﾁｹｯﾄです。
40275762,2,386,1,ご不便おかけしまして誠に申し訳御座いませんでした。お詫びの青龍ｶﾞﾁｬﾁｹｯﾄです。
40284051,2,386,35,ご不便おかけしまして誠に申し訳御座いませんでした。お詫びの青龍ｶﾞﾁｬﾁｹｯﾄです。
40290298,2,386,11,ご不便おかけしまして誠に申し訳御座いませんでした。お詫びの青龍ｶﾞﾁｬﾁｹｯﾄです。
40364103,2,386,1,ご不便おかけしまして誠に申し訳御座いませんでした。お詫びの青龍ｶﾞﾁｬﾁｹｯﾄです。
40396553,2,386,11,ご不便おかけしまして誠に申し訳御座いませんでした。お詫びの青龍ｶﾞﾁｬﾁｹｯﾄです。
40545305,2,386,7,ご不便おかけしまして誠に申し訳御座いませんでした。お詫びの青龍ｶﾞﾁｬﾁｹｯﾄです。
40557232,2,386,1,ご不便おかけしまして誠に申し訳御座いませんでした。お詫びの青龍ｶﾞﾁｬﾁｹｯﾄです。
40582625,2,386,1,ご不便おかけしまして誠に申し訳御座いませんでした。お詫びの青龍ｶﾞﾁｬﾁｹｯﾄです。
40967417,2,386,1,ご不便おかけしまして誠に申し訳御座いませんでした。お詫びの青龍ｶﾞﾁｬﾁｹｯﾄです。
40980323,2,386,1,ご不便おかけしまして誠に申し訳御座いませんでした。お詫びの青龍ｶﾞﾁｬﾁｹｯﾄです。
41003260,2,386,2,ご不便おかけしまして誠に申し訳御座いませんでした。お詫びの青龍ｶﾞﾁｬﾁｹｯﾄです。
41109303,2,386,9,ご不便おかけしまして誠に申し訳御座いませんでした。お詫びの青龍ｶﾞﾁｬﾁｹｯﾄです。
41130501,2,386,2,ご不便おかけしまして誠に申し訳御座いませんでした。お詫びの青龍ｶﾞﾁｬﾁｹｯﾄです。
41154709,2,386,3,ご不便おかけしまして誠に申し訳御座いませんでした。お詫びの青龍ｶﾞﾁｬﾁｹｯﾄです。
41154797,2,386,2,ご不便おかけしまして誠に申し訳御座いませんでした。お詫びの青龍ｶﾞﾁｬﾁｹｯﾄです。
41280082,2,386,1,ご不便おかけしまして誠に申し訳御座いませんでした。お詫びの青龍ｶﾞﾁｬﾁｹｯﾄです。
41292719,2,386,2,ご不便おかけしまして誠に申し訳御座いませんでした。お詫びの青龍ｶﾞﾁｬﾁｹｯﾄです。
41301652,2,386,5,ご不便おかけしまして誠に申し訳御座いませんでした。お詫びの青龍ｶﾞﾁｬﾁｹｯﾄです。
41420370,2,386,5,ご不便おかけしまして誠に申し訳御座いませんでした。お詫びの青龍ｶﾞﾁｬﾁｹｯﾄです。
41440742,2,386,1,ご不便おかけしまして誠に申し訳御座いませんでした。お詫びの青龍ｶﾞﾁｬﾁｹｯﾄです。
41478610,2,386,1,ご不便おかけしまして誠に申し訳御座いませんでした。お詫びの青龍ｶﾞﾁｬﾁｹｯﾄです。
41486733,2,386,1,ご不便おかけしまして誠に申し訳御座いませんでした。お詫びの青龍ｶﾞﾁｬﾁｹｯﾄです。
41608734,2,386,1,ご不便おかけしまして誠に申し訳御座いませんでした。お詫びの青龍ｶﾞﾁｬﾁｹｯﾄです。
41710765,2,386,1,ご不便おかけしまして誠に申し訳御座いませんでした。お詫びの青龍ｶﾞﾁｬﾁｹｯﾄです。
41753739,2,386,7,ご不便おかけしまして誠に申し訳御座いませんでした。お詫びの青龍ｶﾞﾁｬﾁｹｯﾄです。
41821778,2,386,8,ご不便おかけしまして誠に申し訳御座いませんでした。お詫びの青龍ｶﾞﾁｬﾁｹｯﾄです。
41845922,2,386,17,ご不便おかけしまして誠に申し訳御座いませんでした。お詫びの青龍ｶﾞﾁｬﾁｹｯﾄです。
41858122,2,386,7,ご不便おかけしまして誠に申し訳御座いませんでした。お詫びの青龍ｶﾞﾁｬﾁｹｯﾄです。
41959106,2,386,8,ご不便おかけしまして誠に申し訳御座いませんでした。お詫びの青龍ｶﾞﾁｬﾁｹｯﾄです。
42000896,2,386,1,ご不便おかけしまして誠に申し訳御座いませんでした。お詫びの青龍ｶﾞﾁｬﾁｹｯﾄです。
42021866,2,386,6,ご不便おかけしまして誠に申し訳御座いませんでした。お詫びの青龍ｶﾞﾁｬﾁｹｯﾄです。
42110294,2,386,9,ご不便おかけしまして誠に申し訳御座いませんでした。お詫びの青龍ｶﾞﾁｬﾁｹｯﾄです。
42117684,2,386,8,ご不便おかけしまして誠に申し訳御座いませんでした。お詫びの青龍ｶﾞﾁｬﾁｹｯﾄです。
42123258,2,386,1,ご不便おかけしまして誠に申し訳御座いませんでした。お詫びの青龍ｶﾞﾁｬﾁｹｯﾄです。
42136959,2,386,1,ご不便おかけしまして誠に申し訳御座いませんでした。お詫びの青龍ｶﾞﾁｬﾁｹｯﾄです。
42182727,2,386,3,ご不便おかけしまして誠に申し訳御座いませんでした。お詫びの青龍ｶﾞﾁｬﾁｹｯﾄです。
42208509,2,386,8,ご不便おかけしまして誠に申し訳御座いませんでした。お詫びの青龍ｶﾞﾁｬﾁｹｯﾄです。
42294437,2,386,4,ご不便おかけしまして誠に申し訳御座いませんでした。お詫びの青龍ｶﾞﾁｬﾁｹｯﾄです。
42296166,2,386,1,ご不便おかけしまして誠に申し訳御座いませんでした。お詫びの青龍ｶﾞﾁｬﾁｹｯﾄです。
42362686,2,386,18,ご不便おかけしまして誠に申し訳御座いませんでした。お詫びの青龍ｶﾞﾁｬﾁｹｯﾄです。
42387312,2,386,1,ご不便おかけしまして誠に申し訳御座いませんでした。お詫びの青龍ｶﾞﾁｬﾁｹｯﾄです。
42447363,2,386,8,ご不便おかけしまして誠に申し訳御座いませんでした。お詫びの青龍ｶﾞﾁｬﾁｹｯﾄです。
42476813,2,386,7,ご不便おかけしまして誠に申し訳御座いませんでした。お詫びの青龍ｶﾞﾁｬﾁｹｯﾄです。
42520943,2,386,2,ご不便おかけしまして誠に申し訳御座いませんでした。お詫びの青龍ｶﾞﾁｬﾁｹｯﾄです。
42531001,2,386,1,ご不便おかけしまして誠に申し訳御座いませんでした。お詫びの青龍ｶﾞﾁｬﾁｹｯﾄです。
42639216,2,386,1,ご不便おかけしまして誠に申し訳御座いませんでした。お詫びの青龍ｶﾞﾁｬﾁｹｯﾄです。
42642642,2,386,2,ご不便おかけしまして誠に申し訳御座いませんでした。お詫びの青龍ｶﾞﾁｬﾁｹｯﾄです。
42707634,2,386,2,ご不便おかけしまして誠に申し訳御座いませんでした。お詫びの青龍ｶﾞﾁｬﾁｹｯﾄです。
42709930,2,386,1,ご不便おかけしまして誠に申し訳御座いませんでした。お詫びの青龍ｶﾞﾁｬﾁｹｯﾄです。
42745313,2,386,1,ご不便おかけしまして誠に申し訳御座いませんでした。お詫びの青龍ｶﾞﾁｬﾁｹｯﾄです。
42765600,2,386,1,ご不便おかけしまして誠に申し訳御座いませんでした。お詫びの青龍ｶﾞﾁｬﾁｹｯﾄです。
42824671,2,386,5,ご不便おかけしまして誠に申し訳御座いませんでした。お詫びの青龍ｶﾞﾁｬﾁｹｯﾄです。
42886900,2,386,1,ご不便おかけしまして誠に申し訳御座いませんでした。お詫びの青龍ｶﾞﾁｬﾁｹｯﾄです。
42893974,2,386,1,ご不便おかけしまして誠に申し訳御座いませんでした。お詫びの青龍ｶﾞﾁｬﾁｹｯﾄです。
42929420,2,386,14,ご不便おかけしまして誠に申し訳御座いませんでした。お詫びの青龍ｶﾞﾁｬﾁｹｯﾄです。
42953267,2,386,3,ご不便おかけしまして誠に申し訳御座いませんでした。お詫びの青龍ｶﾞﾁｬﾁｹｯﾄです。
42971249,2,386,1,ご不便おかけしまして誠に申し訳御座いませんでした。お詫びの青龍ｶﾞﾁｬﾁｹｯﾄです。
43002339,2,386,15,ご不便おかけしまして誠に申し訳御座いませんでした。お詫びの青龍ｶﾞﾁｬﾁｹｯﾄです。
43046261,2,386,4,ご不便おかけしまして誠に申し訳御座いませんでした。お詫びの青龍ｶﾞﾁｬﾁｹｯﾄです。
43097958,2,386,1,ご不便おかけしまして誠に申し訳御座いませんでした。お詫びの青龍ｶﾞﾁｬﾁｹｯﾄです。
43111896,2,386,1,ご不便おかけしまして誠に申し訳御座いませんでした。お詫びの青龍ｶﾞﾁｬﾁｹｯﾄです。
43281549,2,386,1,ご不便おかけしまして誠に申し訳御座いませんでした。お詫びの青龍ｶﾞﾁｬﾁｹｯﾄです。
43290627,2,386,1,ご不便おかけしまして誠に申し訳御座いませんでした。お詫びの青龍ｶﾞﾁｬﾁｹｯﾄです。
43398694,2,386,1,ご不便おかけしまして誠に申し訳御座いませんでした。お詫びの青龍ｶﾞﾁｬﾁｹｯﾄです。
43427672,2,386,3,ご不便おかけしまして誠に申し訳御座いませんでした。お詫びの青龍ｶﾞﾁｬﾁｹｯﾄです。
43486371,2,386,1,ご不便おかけしまして誠に申し訳御座いませんでした。お詫びの青龍ｶﾞﾁｬﾁｹｯﾄです。
43498823,2,386,1,ご不便おかけしまして誠に申し訳御座いませんでした。お詫びの青龍ｶﾞﾁｬﾁｹｯﾄです。
43500721,2,386,1,ご不便おかけしまして誠に申し訳御座いませんでした。お詫びの青龍ｶﾞﾁｬﾁｹｯﾄです。
43624585,2,386,3,ご不便おかけしまして誠に申し訳御座いませんでした。お詫びの青龍ｶﾞﾁｬﾁｹｯﾄです。
43655267,2,386,2,ご不便おかけしまして誠に申し訳御座いませんでした。お詫びの青龍ｶﾞﾁｬﾁｹｯﾄです。
43774979,2,386,2,ご不便おかけしまして誠に申し訳御座いませんでした。お詫びの青龍ｶﾞﾁｬﾁｹｯﾄです。
43794435,2,386,24,ご不便おかけしまして誠に申し訳御座いませんでした。お詫びの青龍ｶﾞﾁｬﾁｹｯﾄです。
43834097,2,386,2,ご不便おかけしまして誠に申し訳御座いませんでした。お詫びの青龍ｶﾞﾁｬﾁｹｯﾄです。
43897668,2,386,2,ご不便おかけしまして誠に申し訳御座いませんでした。お詫びの青龍ｶﾞﾁｬﾁｹｯﾄです。
43904989,2,386,2,ご不便おかけしまして誠に申し訳御座いませんでした。お詫びの青龍ｶﾞﾁｬﾁｹｯﾄです。
43914925,2,386,1,ご不便おかけしまして誠に申し訳御座いませんでした。お詫びの青龍ｶﾞﾁｬﾁｹｯﾄです。
44017686,2,386,1,ご不便おかけしまして誠に申し訳御座いませんでした。お詫びの青龍ｶﾞﾁｬﾁｹｯﾄです。
44034869,2,386,1,ご不便おかけしまして誠に申し訳御座いませんでした。お詫びの青龍ｶﾞﾁｬﾁｹｯﾄです。
44071361,2,386,1,ご不便おかけしまして誠に申し訳御座いませんでした。お詫びの青龍ｶﾞﾁｬﾁｹｯﾄです。
44071918,2,386,4,ご不便おかけしまして誠に申し訳御座いませんでした。お詫びの青龍ｶﾞﾁｬﾁｹｯﾄです。
44082325,2,386,1,ご不便おかけしまして誠に申し訳御座いませんでした。お詫びの青龍ｶﾞﾁｬﾁｹｯﾄです。
44094063,2,386,1,ご不便おかけしまして誠に申し訳御座いませんでした。お詫びの青龍ｶﾞﾁｬﾁｹｯﾄです。
44098817,2,386,1,ご不便おかけしまして誠に申し訳御座いませんでした。お詫びの青龍ｶﾞﾁｬﾁｹｯﾄです。
44119322,2,386,3,ご不便おかけしまして誠に申し訳御座いませんでした。お詫びの青龍ｶﾞﾁｬﾁｹｯﾄです。
44138851,2,386,1,ご不便おかけしまして誠に申し訳御座いませんでした。お詫びの青龍ｶﾞﾁｬﾁｹｯﾄです。
44221972,2,386,1,ご不便おかけしまして誠に申し訳御座いませんでした。お詫びの青龍ｶﾞﾁｬﾁｹｯﾄです。
44351631,2,386,1,ご不便おかけしまして誠に申し訳御座いませんでした。お詫びの青龍ｶﾞﾁｬﾁｹｯﾄです。
44354218,2,386,2,ご不便おかけしまして誠に申し訳御座いませんでした。お詫びの青龍ｶﾞﾁｬﾁｹｯﾄです。
44415833,2,386,5,ご不便おかけしまして誠に申し訳御座いませんでした。お詫びの青龍ｶﾞﾁｬﾁｹｯﾄです。
44438747,2,386,1,ご不便おかけしまして誠に申し訳御座いませんでした。お詫びの青龍ｶﾞﾁｬﾁｹｯﾄです。
44439222,2,386,9,ご不便おかけしまして誠に申し訳御座いませんでした。お詫びの青龍ｶﾞﾁｬﾁｹｯﾄです。
44447951,2,386,2,ご不便おかけしまして誠に申し訳御座いませんでした。お詫びの青龍ｶﾞﾁｬﾁｹｯﾄです。
44509999,2,386,1,ご不便おかけしまして誠に申し訳御座いませんでした。お詫びの青龍ｶﾞﾁｬﾁｹｯﾄです。
44626086,2,386,3,ご不便おかけしまして誠に申し訳御座いませんでした。お詫びの青龍ｶﾞﾁｬﾁｹｯﾄです。
44657117,2,386,2,ご不便おかけしまして誠に申し訳御座いませんでした。お詫びの青龍ｶﾞﾁｬﾁｹｯﾄです。
44667330,2,386,1,ご不便おかけしまして誠に申し訳御座いませんでした。お詫びの青龍ｶﾞﾁｬﾁｹｯﾄです。
44686816,2,386,1,ご不便おかけしまして誠に申し訳御座いませんでした。お詫びの青龍ｶﾞﾁｬﾁｹｯﾄです。
44712820,2,386,2,ご不便おかけしまして誠に申し訳御座いませんでした。お詫びの青龍ｶﾞﾁｬﾁｹｯﾄです。
44746274,2,386,1,ご不便おかけしまして誠に申し訳御座いませんでした。お詫びの青龍ｶﾞﾁｬﾁｹｯﾄです。
44761064,2,386,3,ご不便おかけしまして誠に申し訳御座いませんでした。お詫びの青龍ｶﾞﾁｬﾁｹｯﾄです。
44813414,2,386,1,ご不便おかけしまして誠に申し訳御座いませんでした。お詫びの青龍ｶﾞﾁｬﾁｹｯﾄです。
44832968,2,386,20,ご不便おかけしまして誠に申し訳御座いませんでした。お詫びの青龍ｶﾞﾁｬﾁｹｯﾄです。
44883975,2,386,6,ご不便おかけしまして誠に申し訳御座いませんでした。お詫びの青龍ｶﾞﾁｬﾁｹｯﾄです。
44916717,2,386,1,ご不便おかけしまして誠に申し訳御座いませんでした。お詫びの青龍ｶﾞﾁｬﾁｹｯﾄです。
44919925,2,386,1,ご不便おかけしまして誠に申し訳御座いませんでした。お詫びの青龍ｶﾞﾁｬﾁｹｯﾄです。
44936945,2,386,176,ご不便おかけしまして誠に申し訳御座いませんでした。お詫びの青龍ｶﾞﾁｬﾁｹｯﾄです。
45025049,2,386,55,ご不便おかけしまして誠に申し訳御座いませんでした。お詫びの青龍ｶﾞﾁｬﾁｹｯﾄです。
45038214,2,386,2,ご不便おかけしまして誠に申し訳御座いませんでした。お詫びの青龍ｶﾞﾁｬﾁｹｯﾄです。
45144569,2,386,1,ご不便おかけしまして誠に申し訳御座いませんでした。お詫びの青龍ｶﾞﾁｬﾁｹｯﾄです。
45160506,2,386,2,ご不便おかけしまして誠に申し訳御座いませんでした。お詫びの青龍ｶﾞﾁｬﾁｹｯﾄです。
45243610,2,386,5,ご不便おかけしまして誠に申し訳御座いませんでした。お詫びの青龍ｶﾞﾁｬﾁｹｯﾄです。
45278450,2,386,2,ご不便おかけしまして誠に申し訳御座いませんでした。お詫びの青龍ｶﾞﾁｬﾁｹｯﾄです。
45332575,2,386,1,ご不便おかけしまして誠に申し訳御座いませんでした。お詫びの青龍ｶﾞﾁｬﾁｹｯﾄです。
45388750,2,386,3,ご不便おかけしまして誠に申し訳御座いませんでした。お詫びの青龍ｶﾞﾁｬﾁｹｯﾄです。
45389419,2,386,52,ご不便おかけしまして誠に申し訳御座いませんでした。お詫びの青龍ｶﾞﾁｬﾁｹｯﾄです。
45517505,2,386,1,ご不便おかけしまして誠に申し訳御座いませんでした。お詫びの青龍ｶﾞﾁｬﾁｹｯﾄです。
45544999,2,386,3,ご不便おかけしまして誠に申し訳御座いませんでした。お詫びの青龍ｶﾞﾁｬﾁｹｯﾄです。
45594039,2,386,1,ご不便おかけしまして誠に申し訳御座いませんでした。お詫びの青龍ｶﾞﾁｬﾁｹｯﾄです。
45599447,2,386,1,ご不便おかけしまして誠に申し訳御座いませんでした。お詫びの青龍ｶﾞﾁｬﾁｹｯﾄです。
45610508,2,386,2,ご不便おかけしまして誠に申し訳御座いませんでした。お詫びの青龍ｶﾞﾁｬﾁｹｯﾄです。
45671193,2,386,5,ご不便おかけしまして誠に申し訳御座いませんでした。お詫びの青龍ｶﾞﾁｬﾁｹｯﾄです。
45720799,2,386,2,ご不便おかけしまして誠に申し訳御座いませんでした。お詫びの青龍ｶﾞﾁｬﾁｹｯﾄです。
45748900,2,386,4,ご不便おかけしまして誠に申し訳御座いませんでした。お詫びの青龍ｶﾞﾁｬﾁｹｯﾄです。
45838752,2,386,1,ご不便おかけしまして誠に申し訳御座いませんでした。お詫びの青龍ｶﾞﾁｬﾁｹｯﾄです。
45854132,2,386,8,ご不便おかけしまして誠に申し訳御座いませんでした。お詫びの青龍ｶﾞﾁｬﾁｹｯﾄです。
45856154,2,386,14,ご不便おかけしまして誠に申し訳御座いませんでした。お詫びの青龍ｶﾞﾁｬﾁｹｯﾄです。
45866815,2,386,2,ご不便おかけしまして誠に申し訳御座いませんでした。お詫びの青龍ｶﾞﾁｬﾁｹｯﾄです。
45903504,2,386,2,ご不便おかけしまして誠に申し訳御座いませんでした。お詫びの青龍ｶﾞﾁｬﾁｹｯﾄです。
45907760,2,386,1,ご不便おかけしまして誠に申し訳御座いませんでした。お詫びの青龍ｶﾞﾁｬﾁｹｯﾄです。
45923385,2,386,8,ご不便おかけしまして誠に申し訳御座いませんでした。お詫びの青龍ｶﾞﾁｬﾁｹｯﾄです。
45936217,2,386,4,ご不便おかけしまして誠に申し訳御座いませんでした。お詫びの青龍ｶﾞﾁｬﾁｹｯﾄです。
45937634,2,386,2,ご不便おかけしまして誠に申し訳御座いませんでした。お詫びの青龍ｶﾞﾁｬﾁｹｯﾄです。
45941147,2,386,1,ご不便おかけしまして誠に申し訳御座いませんでした。お詫びの青龍ｶﾞﾁｬﾁｹｯﾄです。
45984914,2,386,1,ご不便おかけしまして誠に申し訳御座いませんでした。お詫びの青龍ｶﾞﾁｬﾁｹｯﾄです。
45985957,2,386,11,ご不便おかけしまして誠に申し訳御座いませんでした。お詫びの青龍ｶﾞﾁｬﾁｹｯﾄです。
46083550,2,386,4,ご不便おかけしまして誠に申し訳御座いませんでした。お詫びの青龍ｶﾞﾁｬﾁｹｯﾄです。
46088277,2,386,9,ご不便おかけしまして誠に申し訳御座いませんでした。お詫びの青龍ｶﾞﾁｬﾁｹｯﾄです。
46109743,2,386,3,ご不便おかけしまして誠に申し訳御座いませんでした。お詫びの青龍ｶﾞﾁｬﾁｹｯﾄです。
46115032,2,386,4,ご不便おかけしまして誠に申し訳御座いませんでした。お詫びの青龍ｶﾞﾁｬﾁｹｯﾄです。
46148720,2,386,5,ご不便おかけしまして誠に申し訳御座いませんでした。お詫びの青龍ｶﾞﾁｬﾁｹｯﾄです。
46176108,2,386,2,ご不便おかけしまして誠に申し訳御座いませんでした。お詫びの青龍ｶﾞﾁｬﾁｹｯﾄです。
46200644,2,386,3,ご不便おかけしまして誠に申し訳御座いませんでした。お詫びの青龍ｶﾞﾁｬﾁｹｯﾄです。
46204288,2,386,3,ご不便おかけしまして誠に申し訳御座いませんでした。お詫びの青龍ｶﾞﾁｬﾁｹｯﾄです。
46245754,2,386,38,ご不便おかけしまして誠に申し訳御座いませんでした。お詫びの青龍ｶﾞﾁｬﾁｹｯﾄです。
46249359,2,386,9,ご不便おかけしまして誠に申し訳御座いませんでした。お詫びの青龍ｶﾞﾁｬﾁｹｯﾄです。
46255103,2,386,1,ご不便おかけしまして誠に申し訳御座いませんでした。お詫びの青龍ｶﾞﾁｬﾁｹｯﾄです。
46266387,2,386,1,ご不便おかけしまして誠に申し訳御座いませんでした。お詫びの青龍ｶﾞﾁｬﾁｹｯﾄです。
46307637,2,386,1,ご不便おかけしまして誠に申し訳御座いませんでした。お詫びの青龍ｶﾞﾁｬﾁｹｯﾄです。
46343837,2,386,1,ご不便おかけしまして誠に申し訳御座いませんでした。お詫びの青龍ｶﾞﾁｬﾁｹｯﾄです。
46348235,2,386,5,ご不便おかけしまして誠に申し訳御座いませんでした。お詫びの青龍ｶﾞﾁｬﾁｹｯﾄです。
46362301,2,386,3,ご不便おかけしまして誠に申し訳御座いませんでした。お詫びの青龍ｶﾞﾁｬﾁｹｯﾄです。
46404283,2,386,1,ご不便おかけしまして誠に申し訳御座いませんでした。お詫びの青龍ｶﾞﾁｬﾁｹｯﾄです。
46433203,2,386,2,ご不便おかけしまして誠に申し訳御座いませんでした。お詫びの青龍ｶﾞﾁｬﾁｹｯﾄです。
46468109,2,386,9,ご不便おかけしまして誠に申し訳御座いませんでした。お詫びの青龍ｶﾞﾁｬﾁｹｯﾄです。
46489437,2,386,1,ご不便おかけしまして誠に申し訳御座いませんでした。お詫びの青龍ｶﾞﾁｬﾁｹｯﾄです。
46506166,2,386,1,ご不便おかけしまして誠に申し訳御座いませんでした。お詫びの青龍ｶﾞﾁｬﾁｹｯﾄです。
46581321,2,386,4,ご不便おかけしまして誠に申し訳御座いませんでした。お詫びの青龍ｶﾞﾁｬﾁｹｯﾄです。
46586319,2,386,16,ご不便おかけしまして誠に申し訳御座いませんでした。お詫びの青龍ｶﾞﾁｬﾁｹｯﾄです。
46612287,2,386,1,ご不便おかけしまして誠に申し訳御座いませんでした。お詫びの青龍ｶﾞﾁｬﾁｹｯﾄです。
46616562,2,386,1,ご不便おかけしまして誠に申し訳御座いませんでした。お詫びの青龍ｶﾞﾁｬﾁｹｯﾄです。
46707334,2,386,58,ご不便おかけしまして誠に申し訳御座いませんでした。お詫びの青龍ｶﾞﾁｬﾁｹｯﾄです。
46767318,2,386,5,ご不便おかけしまして誠に申し訳御座いませんでした。お詫びの青龍ｶﾞﾁｬﾁｹｯﾄです。
46790777,2,386,5,ご不便おかけしまして誠に申し訳御座いませんでした。お詫びの青龍ｶﾞﾁｬﾁｹｯﾄです。
46854494,2,386,1,ご不便おかけしまして誠に申し訳御座いませんでした。お詫びの青龍ｶﾞﾁｬﾁｹｯﾄです。
46886017,2,386,2,ご不便おかけしまして誠に申し訳御座いませんでした。お詫びの青龍ｶﾞﾁｬﾁｹｯﾄです。
46929586,2,386,1,ご不便おかけしまして誠に申し訳御座いませんでした。お詫びの青龍ｶﾞﾁｬﾁｹｯﾄです。
46941582,2,386,6,ご不便おかけしまして誠に申し訳御座いませんでした。お詫びの青龍ｶﾞﾁｬﾁｹｯﾄです。
46984792,2,386,5,ご不便おかけしまして誠に申し訳御座いませんでした。お詫びの青龍ｶﾞﾁｬﾁｹｯﾄです。
47052647,2,386,1,ご不便おかけしまして誠に申し訳御座いませんでした。お詫びの青龍ｶﾞﾁｬﾁｹｯﾄです。
47095535,2,386,4,ご不便おかけしまして誠に申し訳御座いませんでした。お詫びの青龍ｶﾞﾁｬﾁｹｯﾄです。
47109112,2,386,11,ご不便おかけしまして誠に申し訳御座いませんでした。お詫びの青龍ｶﾞﾁｬﾁｹｯﾄです。
47125265,2,386,7,ご不便おかけしまして誠に申し訳御座いませんでした。お詫びの青龍ｶﾞﾁｬﾁｹｯﾄです。
47181768,2,386,2,ご不便おかけしまして誠に申し訳御座いませんでした。お詫びの青龍ｶﾞﾁｬﾁｹｯﾄです。
47275106,2,386,1,ご不便おかけしまして誠に申し訳御座いませんでした。お詫びの青龍ｶﾞﾁｬﾁｹｯﾄです。
47293141,2,386,1,ご不便おかけしまして誠に申し訳御座いませんでした。お詫びの青龍ｶﾞﾁｬﾁｹｯﾄです。
47392791,2,386,2,ご不便おかけしまして誠に申し訳御座いませんでした。お詫びの青龍ｶﾞﾁｬﾁｹｯﾄです。
47402868,2,386,3,ご不便おかけしまして誠に申し訳御座いませんでした。お詫びの青龍ｶﾞﾁｬﾁｹｯﾄです。
47489123,2,386,1,ご不便おかけしまして誠に申し訳御座いませんでした。お詫びの青龍ｶﾞﾁｬﾁｹｯﾄです。
47490679,2,386,6,ご不便おかけしまして誠に申し訳御座いませんでした。お詫びの青龍ｶﾞﾁｬﾁｹｯﾄです。
47517618,2,386,3,ご不便おかけしまして誠に申し訳御座いませんでした。お詫びの青龍ｶﾞﾁｬﾁｹｯﾄです。
47518004,2,386,1,ご不便おかけしまして誠に申し訳御座いませんでした。お詫びの青龍ｶﾞﾁｬﾁｹｯﾄです。
47540366,2,386,2,ご不便おかけしまして誠に申し訳御座いませんでした。お詫びの青龍ｶﾞﾁｬﾁｹｯﾄです。
47576276,2,386,1,ご不便おかけしまして誠に申し訳御座いませんでした。お詫びの青龍ｶﾞﾁｬﾁｹｯﾄです。
47580127,2,386,2,ご不便おかけしまして誠に申し訳御座いませんでした。お詫びの青龍ｶﾞﾁｬﾁｹｯﾄです。
47581364,2,386,10,ご不便おかけしまして誠に申し訳御座いませんでした。お詫びの青龍ｶﾞﾁｬﾁｹｯﾄです。
47668703,2,386,2,ご不便おかけしまして誠に申し訳御座いませんでした。お詫びの青龍ｶﾞﾁｬﾁｹｯﾄです。
47746504,2,386,2,ご不便おかけしまして誠に申し訳御座いませんでした。お詫びの青龍ｶﾞﾁｬﾁｹｯﾄです。
47916243,2,386,10,ご不便おかけしまして誠に申し訳御座いませんでした。お詫びの青龍ｶﾞﾁｬﾁｹｯﾄです。
47951374,2,386,15,ご不便おかけしまして誠に申し訳御座いませんでした。お詫びの青龍ｶﾞﾁｬﾁｹｯﾄです。
47995321,2,386,1,ご不便おかけしまして誠に申し訳御座いませんでした。お詫びの青龍ｶﾞﾁｬﾁｹｯﾄです。
48000925,2,386,2,ご不便おかけしまして誠に申し訳御座いませんでした。お詫びの青龍ｶﾞﾁｬﾁｹｯﾄです。
48022838,2,386,5,ご不便おかけしまして誠に申し訳御座いませんでした。お詫びの青龍ｶﾞﾁｬﾁｹｯﾄです。
48039658,2,386,2,ご不便おかけしまして誠に申し訳御座いませんでした。お詫びの青龍ｶﾞﾁｬﾁｹｯﾄです。
48076812,2,386,7,ご不便おかけしまして誠に申し訳御座いませんでした。お詫びの青龍ｶﾞﾁｬﾁｹｯﾄです。
48158132,2,386,8,ご不便おかけしまして誠に申し訳御座いませんでした。お詫びの青龍ｶﾞﾁｬﾁｹｯﾄです。
48172835,2,386,1,ご不便おかけしまして誠に申し訳御座いませんでした。お詫びの青龍ｶﾞﾁｬﾁｹｯﾄです。
48263947,2,386,1,ご不便おかけしまして誠に申し訳御座いませんでした。お詫びの青龍ｶﾞﾁｬﾁｹｯﾄです。
48314204,2,386,1,ご不便おかけしまして誠に申し訳御座いませんでした。お詫びの青龍ｶﾞﾁｬﾁｹｯﾄです。
48363001,2,386,3,ご不便おかけしまして誠に申し訳御座いませんでした。お詫びの青龍ｶﾞﾁｬﾁｹｯﾄです。
48371124,2,386,12,ご不便おかけしまして誠に申し訳御座いませんでした。お詫びの青龍ｶﾞﾁｬﾁｹｯﾄです。
48372186,2,386,1,ご不便おかけしまして誠に申し訳御座いませんでした。お詫びの青龍ｶﾞﾁｬﾁｹｯﾄです。
48448254,2,386,3,ご不便おかけしまして誠に申し訳御座いませんでした。お詫びの青龍ｶﾞﾁｬﾁｹｯﾄです。
48683202,2,386,4,ご不便おかけしまして誠に申し訳御座いませんでした。お詫びの青龍ｶﾞﾁｬﾁｹｯﾄです。
48767475,2,386,1,ご不便おかけしまして誠に申し訳御座いませんでした。お詫びの青龍ｶﾞﾁｬﾁｹｯﾄです。
48779957,2,386,2,ご不便おかけしまして誠に申し訳御座いませんでした。お詫びの青龍ｶﾞﾁｬﾁｹｯﾄです。
48802629,2,386,1,ご不便おかけしまして誠に申し訳御座いませんでした。お詫びの青龍ｶﾞﾁｬﾁｹｯﾄです。
48820287,2,386,2,ご不便おかけしまして誠に申し訳御座いませんでした。お詫びの青龍ｶﾞﾁｬﾁｹｯﾄです。
48873809,2,386,2,ご不便おかけしまして誠に申し訳御座いませんでした。お詫びの青龍ｶﾞﾁｬﾁｹｯﾄです。
48929589,2,386,2,ご不便おかけしまして誠に申し訳御座いませんでした。お詫びの青龍ｶﾞﾁｬﾁｹｯﾄです。
48983221,2,386,2,ご不便おかけしまして誠に申し訳御座いませんでした。お詫びの青龍ｶﾞﾁｬﾁｹｯﾄです。
49007494,2,386,1,ご不便おかけしまして誠に申し訳御座いませんでした。お詫びの青龍ｶﾞﾁｬﾁｹｯﾄです。
49012349,2,386,1,ご不便おかけしまして誠に申し訳御座いませんでした。お詫びの青龍ｶﾞﾁｬﾁｹｯﾄです。
49119575,2,386,21,ご不便おかけしまして誠に申し訳御座いませんでした。お詫びの青龍ｶﾞﾁｬﾁｹｯﾄです。
49248986,2,386,2,ご不便おかけしまして誠に申し訳御座いませんでした。お詫びの青龍ｶﾞﾁｬﾁｹｯﾄです。
49293288,2,386,1,ご不便おかけしまして誠に申し訳御座いませんでした。お詫びの青龍ｶﾞﾁｬﾁｹｯﾄです。
49350384,2,386,1,ご不便おかけしまして誠に申し訳御座いませんでした。お詫びの青龍ｶﾞﾁｬﾁｹｯﾄです。
49356848,2,386,1,ご不便おかけしまして誠に申し訳御座いませんでした。お詫びの青龍ｶﾞﾁｬﾁｹｯﾄです。
49490826,2,386,2,ご不便おかけしまして誠に申し訳御座いませんでした。お詫びの青龍ｶﾞﾁｬﾁｹｯﾄです。
49534433,2,386,1,ご不便おかけしまして誠に申し訳御座いませんでした。お詫びの青龍ｶﾞﾁｬﾁｹｯﾄです。
49545797,2,386,5,ご不便おかけしまして誠に申し訳御座いませんでした。お詫びの青龍ｶﾞﾁｬﾁｹｯﾄです。
49550983,2,386,1,ご不便おかけしまして誠に申し訳御座いませんでした。お詫びの青龍ｶﾞﾁｬﾁｹｯﾄです。
49622195,2,386,1,ご不便おかけしまして誠に申し訳御座いませんでした。お詫びの青龍ｶﾞﾁｬﾁｹｯﾄです。
49687625,2,386,3,ご不便おかけしまして誠に申し訳御座いませんでした。お詫びの青龍ｶﾞﾁｬﾁｹｯﾄです。
49785055,2,386,15,ご不便おかけしまして誠に申し訳御座いませんでした。お詫びの青龍ｶﾞﾁｬﾁｹｯﾄです。
49851250,2,386,1,ご不便おかけしまして誠に申し訳御座いませんでした。お詫びの青龍ｶﾞﾁｬﾁｹｯﾄです。
49860290,2,386,2,ご不便おかけしまして誠に申し訳御座いませんでした。お詫びの青龍ｶﾞﾁｬﾁｹｯﾄです。
49891093,2,386,4,ご不便おかけしまして誠に申し訳御座いませんでした。お詫びの青龍ｶﾞﾁｬﾁｹｯﾄです。
49960717,2,386,1,ご不便おかけしまして誠に申し訳御座いませんでした。お詫びの青龍ｶﾞﾁｬﾁｹｯﾄです。
49963384,2,386,3,ご不便おかけしまして誠に申し訳御座いませんでした。お詫びの青龍ｶﾞﾁｬﾁｹｯﾄです。
49975226,2,386,1,ご不便おかけしまして誠に申し訳御座いませんでした。お詫びの青龍ｶﾞﾁｬﾁｹｯﾄです。
50001641,2,386,1,ご不便おかけしまして誠に申し訳御座いませんでした。お詫びの青龍ｶﾞﾁｬﾁｹｯﾄです。
50003412,2,386,1,ご不便おかけしまして誠に申し訳御座いませんでした。お詫びの青龍ｶﾞﾁｬﾁｹｯﾄです。
50025159,2,386,2,ご不便おかけしまして誠に申し訳御座いませんでした。お詫びの青龍ｶﾞﾁｬﾁｹｯﾄです。
50145025,2,386,6,ご不便おかけしまして誠に申し訳御座いませんでした。お詫びの青龍ｶﾞﾁｬﾁｹｯﾄです。
50163309,2,386,11,ご不便おかけしまして誠に申し訳御座いませんでした。お詫びの青龍ｶﾞﾁｬﾁｹｯﾄです。
50208704,2,386,1,ご不便おかけしまして誠に申し訳御座いませんでした。お詫びの青龍ｶﾞﾁｬﾁｹｯﾄです。
50449181,2,386,1,ご不便おかけしまして誠に申し訳御座いませんでした。お詫びの青龍ｶﾞﾁｬﾁｹｯﾄです。
50491530,2,386,6,ご不便おかけしまして誠に申し訳御座いませんでした。お詫びの青龍ｶﾞﾁｬﾁｹｯﾄです。
50625815,2,386,1,ご不便おかけしまして誠に申し訳御座いませんでした。お詫びの青龍ｶﾞﾁｬﾁｹｯﾄです。
50647848,2,386,1,ご不便おかけしまして誠に申し訳御座いませんでした。お詫びの青龍ｶﾞﾁｬﾁｹｯﾄです。
50665469,2,386,5,ご不便おかけしまして誠に申し訳御座いませんでした。お詫びの青龍ｶﾞﾁｬﾁｹｯﾄです。
50734364,2,386,1,ご不便おかけしまして誠に申し訳御座いませんでした。お詫びの青龍ｶﾞﾁｬﾁｹｯﾄです。
50752251,2,386,19,ご不便おかけしまして誠に申し訳御座いませんでした。お詫びの青龍ｶﾞﾁｬﾁｹｯﾄです。
50803199,2,386,3,ご不便おかけしまして誠に申し訳御座いませんでした。お詫びの青龍ｶﾞﾁｬﾁｹｯﾄです。
50948762,2,386,1,ご不便おかけしまして誠に申し訳御座いませんでした。お詫びの青龍ｶﾞﾁｬﾁｹｯﾄです。
51015018,2,386,4,ご不便おかけしまして誠に申し訳御座いませんでした。お詫びの青龍ｶﾞﾁｬﾁｹｯﾄです。
51294572,2,386,1,ご不便おかけしまして誠に申し訳御座いませんでした。お詫びの青龍ｶﾞﾁｬﾁｹｯﾄです。
51448498,2,386,17,ご不便おかけしまして誠に申し訳御座いませんでした。お詫びの青龍ｶﾞﾁｬﾁｹｯﾄです。
51610975,2,386,1,ご不便おかけしまして誠に申し訳御座いませんでした。お詫びの青龍ｶﾞﾁｬﾁｹｯﾄです。
51623219,2,386,1,ご不便おかけしまして誠に申し訳御座いませんでした。お詫びの青龍ｶﾞﾁｬﾁｹｯﾄです。
51631375,2,386,25,ご不便おかけしまして誠に申し訳御座いませんでした。お詫びの青龍ｶﾞﾁｬﾁｹｯﾄです。
51691513,2,386,1,ご不便おかけしまして誠に申し訳御座いませんでした。お詫びの青龍ｶﾞﾁｬﾁｹｯﾄです。
51695681,2,386,7,ご不便おかけしまして誠に申し訳御座いませんでした。お詫びの青龍ｶﾞﾁｬﾁｹｯﾄです。
51727263,2,386,2,ご不便おかけしまして誠に申し訳御座いませんでした。お詫びの青龍ｶﾞﾁｬﾁｹｯﾄです。
51740025,2,386,1,ご不便おかけしまして誠に申し訳御座いませんでした。お詫びの青龍ｶﾞﾁｬﾁｹｯﾄです。
51857638,2,386,30,ご不便おかけしまして誠に申し訳御座いませんでした。お詫びの青龍ｶﾞﾁｬﾁｹｯﾄです。
51874041,2,386,1,ご不便おかけしまして誠に申し訳御座いませんでした。お詫びの青龍ｶﾞﾁｬﾁｹｯﾄです。
51906828,2,386,1,ご不便おかけしまして誠に申し訳御座いませんでした。お詫びの青龍ｶﾞﾁｬﾁｹｯﾄです。
51932040,2,386,1,ご不便おかけしまして誠に申し訳御座いませんでした。お詫びの青龍ｶﾞﾁｬﾁｹｯﾄです。
51954175,2,386,3,ご不便おかけしまして誠に申し訳御座いませんでした。お詫びの青龍ｶﾞﾁｬﾁｹｯﾄです。
52334507,2,386,39,ご不便おかけしまして誠に申し訳御座いませんでした。お詫びの青龍ｶﾞﾁｬﾁｹｯﾄです。
52383713,2,386,1,ご不便おかけしまして誠に申し訳御座いませんでした。お詫びの青龍ｶﾞﾁｬﾁｹｯﾄです。
52479537,2,386,1,ご不便おかけしまして誠に申し訳御座いませんでした。お詫びの青龍ｶﾞﾁｬﾁｹｯﾄです。
52564700,2,386,1,ご不便おかけしまして誠に申し訳御座いませんでした。お詫びの青龍ｶﾞﾁｬﾁｹｯﾄです。
52578841,2,386,13,ご不便おかけしまして誠に申し訳御座いませんでした。お詫びの青龍ｶﾞﾁｬﾁｹｯﾄです。
52936851,2,386,1,ご不便おかけしまして誠に申し訳御座いませんでした。お詫びの青龍ｶﾞﾁｬﾁｹｯﾄです。
53083148,2,386,3,ご不便おかけしまして誠に申し訳御座いませんでした。お詫びの青龍ｶﾞﾁｬﾁｹｯﾄです。
53104242,2,386,26,ご不便おかけしまして誠に申し訳御座いませんでした。お詫びの青龍ｶﾞﾁｬﾁｹｯﾄです。
53113883,2,386,3,ご不便おかけしまして誠に申し訳御座いませんでした。お詫びの青龍ｶﾞﾁｬﾁｹｯﾄです。
53175947,2,386,5,ご不便おかけしまして誠に申し訳御座いませんでした。お詫びの青龍ｶﾞﾁｬﾁｹｯﾄです。
53226099,2,386,1,ご不便おかけしまして誠に申し訳御座いませんでした。お詫びの青龍ｶﾞﾁｬﾁｹｯﾄです。
53226764,2,386,3,ご不便おかけしまして誠に申し訳御座いませんでした。お詫びの青龍ｶﾞﾁｬﾁｹｯﾄです。
53303139,2,386,149,ご不便おかけしまして誠に申し訳御座いませんでした。お詫びの青龍ｶﾞﾁｬﾁｹｯﾄです。
53305509,2,386,1,ご不便おかけしまして誠に申し訳御座いませんでした。お詫びの青龍ｶﾞﾁｬﾁｹｯﾄです。
53326838,2,386,2,ご不便おかけしまして誠に申し訳御座いませんでした。お詫びの青龍ｶﾞﾁｬﾁｹｯﾄです。
53568603,2,386,2,ご不便おかけしまして誠に申し訳御座いませんでした。お詫びの青龍ｶﾞﾁｬﾁｹｯﾄです。
53614088,2,386,1,ご不便おかけしまして誠に申し訳御座いませんでした。お詫びの青龍ｶﾞﾁｬﾁｹｯﾄです。
53714060,2,386,1,ご不便おかけしまして誠に申し訳御座いませんでした。お詫びの青龍ｶﾞﾁｬﾁｹｯﾄです。
54005185,2,386,2,ご不便おかけしまして誠に申し訳御座いませんでした。お詫びの青龍ｶﾞﾁｬﾁｹｯﾄです。
54025572,2,386,6,ご不便おかけしまして誠に申し訳御座いませんでした。お詫びの青龍ｶﾞﾁｬﾁｹｯﾄです。
54063656,2,386,2,ご不便おかけしまして誠に申し訳御座いませんでした。お詫びの青龍ｶﾞﾁｬﾁｹｯﾄです。
54096735,2,386,13,ご不便おかけしまして誠に申し訳御座いませんでした。お詫びの青龍ｶﾞﾁｬﾁｹｯﾄです。
54204513,2,386,1,ご不便おかけしまして誠に申し訳御座いませんでした。お詫びの青龍ｶﾞﾁｬﾁｹｯﾄです。
54257374,2,386,2,ご不便おかけしまして誠に申し訳御座いませんでした。お詫びの青龍ｶﾞﾁｬﾁｹｯﾄです。
54381171,2,386,1,ご不便おかけしまして誠に申し訳御座いませんでした。お詫びの青龍ｶﾞﾁｬﾁｹｯﾄです。
54465101,2,386,1,ご不便おかけしまして誠に申し訳御座いませんでした。お詫びの青龍ｶﾞﾁｬﾁｹｯﾄです。
54492769,2,386,22,ご不便おかけしまして誠に申し訳御座いませんでした。お詫びの青龍ｶﾞﾁｬﾁｹｯﾄです。
54503728,2,386,1,ご不便おかけしまして誠に申し訳御座いませんでした。お詫びの青龍ｶﾞﾁｬﾁｹｯﾄです。
54767450,2,386,1,ご不便おかけしまして誠に申し訳御座いませんでした。お詫びの青龍ｶﾞﾁｬﾁｹｯﾄです。
54780657,2,386,1,ご不便おかけしまして誠に申し訳御座いませんでした。お詫びの青龍ｶﾞﾁｬﾁｹｯﾄです。
55089638,2,386,25,ご不便おかけしまして誠に申し訳御座いませんでした。お詫びの青龍ｶﾞﾁｬﾁｹｯﾄです。
55118955,2,386,11,ご不便おかけしまして誠に申し訳御座いませんでした。お詫びの青龍ｶﾞﾁｬﾁｹｯﾄです。
55285502,2,386,1,ご不便おかけしまして誠に申し訳御座いませんでした。お詫びの青龍ｶﾞﾁｬﾁｹｯﾄです。
55343833,2,386,4,ご不便おかけしまして誠に申し訳御座いませんでした。お詫びの青龍ｶﾞﾁｬﾁｹｯﾄです。
55386675,2,386,15,ご不便おかけしまして誠に申し訳御座いませんでした。お詫びの青龍ｶﾞﾁｬﾁｹｯﾄです。
55393590,2,386,2,ご不便おかけしまして誠に申し訳御座いませんでした。お詫びの青龍ｶﾞﾁｬﾁｹｯﾄです。
55926380,2,386,3,ご不便おかけしまして誠に申し訳御座いませんでした。お詫びの青龍ｶﾞﾁｬﾁｹｯﾄです。
56122724,2,386,13,ご不便おかけしまして誠に申し訳御座いませんでした。お詫びの青龍ｶﾞﾁｬﾁｹｯﾄです。
56888430,2,386,8,ご不便おかけしまして誠に申し訳御座いませんでした。お詫びの青龍ｶﾞﾁｬﾁｹｯﾄです。
56992009,2,386,2,ご不便おかけしまして誠に申し訳御座いませんでした。お詫びの青龍ｶﾞﾁｬﾁｹｯﾄです。
57368734,2,386,15,ご不便おかけしまして誠に申し訳御座いませんでした。お詫びの青龍ｶﾞﾁｬﾁｹｯﾄです。
57575168,2,386,4,ご不便おかけしまして誠に申し訳御座いませんでした。お詫びの青龍ｶﾞﾁｬﾁｹｯﾄです。
57627910,2,386,1,ご不便おかけしまして誠に申し訳御座いませんでした。お詫びの青龍ｶﾞﾁｬﾁｹｯﾄです。
57659463,2,386,3,ご不便おかけしまして誠に申し訳御座いませんでした。お詫びの青龍ｶﾞﾁｬﾁｹｯﾄです。
57697906,2,386,19,ご不便おかけしまして誠に申し訳御座いませんでした。お詫びの青龍ｶﾞﾁｬﾁｹｯﾄです。
57790584,2,386,1,ご不便おかけしまして誠に申し訳御座いませんでした。お詫びの青龍ｶﾞﾁｬﾁｹｯﾄです。
58094490,2,386,5,ご不便おかけしまして誠に申し訳御座いませんでした。お詫びの青龍ｶﾞﾁｬﾁｹｯﾄです。
58302889,2,386,1,ご不便おかけしまして誠に申し訳御座いませんでした。お詫びの青龍ｶﾞﾁｬﾁｹｯﾄです。
58423834,2,386,2,ご不便おかけしまして誠に申し訳御座いませんでした。お詫びの青龍ｶﾞﾁｬﾁｹｯﾄです。
58625828,2,386,1,ご不便おかけしまして誠に申し訳御座いませんでした。お詫びの青龍ｶﾞﾁｬﾁｹｯﾄです。
58872520,2,386,1,ご不便おかけしまして誠に申し訳御座いませんでした。お詫びの青龍ｶﾞﾁｬﾁｹｯﾄです。
59019898,2,386,11,ご不便おかけしまして誠に申し訳御座いませんでした。お詫びの青龍ｶﾞﾁｬﾁｹｯﾄです。
59186228,2,386,1,ご不便おかけしまして誠に申し訳御座いませんでした。お詫びの青龍ｶﾞﾁｬﾁｹｯﾄです。
59187518,2,386,1,ご不便おかけしまして誠に申し訳御座いませんでした。お詫びの青龍ｶﾞﾁｬﾁｹｯﾄです。
59798030,2,386,1,ご不便おかけしまして誠に申し訳御座いませんでした。お詫びの青龍ｶﾞﾁｬﾁｹｯﾄです。
59832396,2,386,4,ご不便おかけしまして誠に申し訳御座いませんでした。お詫びの青龍ｶﾞﾁｬﾁｹｯﾄです。
59955477,2,386,2,ご不便おかけしまして誠に申し訳御座いませんでした。お詫びの青龍ｶﾞﾁｬﾁｹｯﾄです。
60166098,2,386,5,ご不便おかけしまして誠に申し訳御座いませんでした。お詫びの青龍ｶﾞﾁｬﾁｹｯﾄです。
60342784,2,386,25,ご不便おかけしまして誠に申し訳御座いませんでした。お詫びの青龍ｶﾞﾁｬﾁｹｯﾄです。
60873995,2,386,7,ご不便おかけしまして誠に申し訳御座いませんでした。お詫びの青龍ｶﾞﾁｬﾁｹｯﾄです。
61721772,2,386,1,ご不便おかけしまして誠に申し訳御座いませんでした。お詫びの青龍ｶﾞﾁｬﾁｹｯﾄです。
61742127,2,386,5,ご不便おかけしまして誠に申し訳御座いませんでした。お詫びの青龍ｶﾞﾁｬﾁｹｯﾄです。
62009473,2,386,3,ご不便おかけしまして誠に申し訳御座いませんでした。お詫びの青龍ｶﾞﾁｬﾁｹｯﾄです。
62423416,2,386,1,ご不便おかけしまして誠に申し訳御座いませんでした。お詫びの青龍ｶﾞﾁｬﾁｹｯﾄです。
631854218,2,386,7,ご不便おかけしまして誠に申し訳御座いませんでした。お詫びの青龍ｶﾞﾁｬﾁｹｯﾄです。
641396631,2,386,28,ご不便おかけしまして誠に申し訳御座いませんでした。お詫びの青龍ｶﾞﾁｬﾁｹｯﾄです。
662795466,2,386,19,ご不便おかけしまして誠に申し訳御座いませんでした。お詫びの青龍ｶﾞﾁｬﾁｹｯﾄです。
687616021,2,386,5,ご不便おかけしまして誠に申し訳御座いませんでした。お詫びの青龍ｶﾞﾁｬﾁｹｯﾄです。