22904668,2,367,1,強襲ﾔｸｻﾞ～富士山ﾔｸｻﾞ篇～　富士山ﾔｸｻﾞｶﾞﾁｬﾁｹ･金　の間違いのお詫びです
43484098,2,367,1,強襲ﾔｸｻﾞ～富士山ﾔｸｻﾞ篇～　富士山ﾔｸｻﾞｶﾞﾁｬﾁｹ･金　の間違いのお詫びです
18354736,2,367,3,強襲ﾔｸｻﾞ～富士山ﾔｸｻﾞ篇～　富士山ﾔｸｻﾞｶﾞﾁｬﾁｹ･金　の間違いのお詫びです
38433995,2,367,1,強襲ﾔｸｻﾞ～富士山ﾔｸｻﾞ篇～　富士山ﾔｸｻﾞｶﾞﾁｬﾁｹ･金　の間違いのお詫びです
45765192,2,367,1,強襲ﾔｸｻﾞ～富士山ﾔｸｻﾞ篇～　富士山ﾔｸｻﾞｶﾞﾁｬﾁｹ･金　の間違いのお詫びです
51015018,2,367,1,強襲ﾔｸｻﾞ～富士山ﾔｸｻﾞ篇～　富士山ﾔｸｻﾞｶﾞﾁｬﾁｹ･金　の間違いのお詫びです
1187436,2,367,1,強襲ﾔｸｻﾞ～富士山ﾔｸｻﾞ篇～　富士山ﾔｸｻﾞｶﾞﾁｬﾁｹ･金　の間違いのお詫びです
14772968,2,367,1,強襲ﾔｸｻﾞ～富士山ﾔｸｻﾞ篇～　富士山ﾔｸｻﾞｶﾞﾁｬﾁｹ･金　の間違いのお詫びです
37718962,2,367,2,強襲ﾔｸｻﾞ～富士山ﾔｸｻﾞ篇～　富士山ﾔｸｻﾞｶﾞﾁｬﾁｹ･金　の間違いのお詫びです
5392176,2,367,1,強襲ﾔｸｻﾞ～富士山ﾔｸｻﾞ篇～　富士山ﾔｸｻﾞｶﾞﾁｬﾁｹ･金　の間違いのお詫びです
38248544,2,367,1,強襲ﾔｸｻﾞ～富士山ﾔｸｻﾞ篇～　富士山ﾔｸｻﾞｶﾞﾁｬﾁｹ･金　の間違いのお詫びです
51743169,2,367,2,強襲ﾔｸｻﾞ～富士山ﾔｸｻﾞ篇～　富士山ﾔｸｻﾞｶﾞﾁｬﾁｹ･金　の間違いのお詫びです
32750589,2,367,1,強襲ﾔｸｻﾞ～富士山ﾔｸｻﾞ篇～　富士山ﾔｸｻﾞｶﾞﾁｬﾁｹ･金　の間違いのお詫びです
23198263,2,367,1,強襲ﾔｸｻﾞ～富士山ﾔｸｻﾞ篇～　富士山ﾔｸｻﾞｶﾞﾁｬﾁｹ･金　の間違いのお詫びです
45246815,2,367,1,強襲ﾔｸｻﾞ～富士山ﾔｸｻﾞ篇～　富士山ﾔｸｻﾞｶﾞﾁｬﾁｹ･金　の間違いのお詫びです
42520030,2,367,1,強襲ﾔｸｻﾞ～富士山ﾔｸｻﾞ篇～　富士山ﾔｸｻﾞｶﾞﾁｬﾁｹ･金　の間違いのお詫びです
40511392,2,367,3,強襲ﾔｸｻﾞ～富士山ﾔｸｻﾞ篇～　富士山ﾔｸｻﾞｶﾞﾁｬﾁｹ･金　の間違いのお詫びです
19453210,2,367,2,強襲ﾔｸｻﾞ～富士山ﾔｸｻﾞ篇～　富士山ﾔｸｻﾞｶﾞﾁｬﾁｹ･金　の間違いのお詫びです
342844,2,367,1,強襲ﾔｸｻﾞ～富士山ﾔｸｻﾞ篇～　富士山ﾔｸｻﾞｶﾞﾁｬﾁｹ･金　の間違いのお詫びです
661983130,2,367,1,強襲ﾔｸｻﾞ～富士山ﾔｸｻﾞ篇～　富士山ﾔｸｻﾞｶﾞﾁｬﾁｹ･金　の間違いのお詫びです
13646638,2,367,1,強襲ﾔｸｻﾞ～富士山ﾔｸｻﾞ篇～　富士山ﾔｸｻﾞｶﾞﾁｬﾁｹ･金　の間違いのお詫びです
46848693,2,367,4,強襲ﾔｸｻﾞ～富士山ﾔｸｻﾞ篇～　富士山ﾔｸｻﾞｶﾞﾁｬﾁｹ･金　の間違いのお詫びです
12804036,2,367,1,強襲ﾔｸｻﾞ～富士山ﾔｸｻﾞ篇～　富士山ﾔｸｻﾞｶﾞﾁｬﾁｹ･金　の間違いのお詫びです
43581022,2,367,1,強襲ﾔｸｻﾞ～富士山ﾔｸｻﾞ篇～　富士山ﾔｸｻﾞｶﾞﾁｬﾁｹ･金　の間違いのお詫びです
40642451,2,367,1,強襲ﾔｸｻﾞ～富士山ﾔｸｻﾞ篇～　富士山ﾔｸｻﾞｶﾞﾁｬﾁｹ･金　の間違いのお詫びです
20241110,2,367,1,強襲ﾔｸｻﾞ～富士山ﾔｸｻﾞ篇～　富士山ﾔｸｻﾞｶﾞﾁｬﾁｹ･金　の間違いのお詫びです
58549138,2,367,1,強襲ﾔｸｻﾞ～富士山ﾔｸｻﾞ篇～　富士山ﾔｸｻﾞｶﾞﾁｬﾁｹ･金　の間違いのお詫びです
47490679,2,367,1,強襲ﾔｸｻﾞ～富士山ﾔｸｻﾞ篇～　富士山ﾔｸｻﾞｶﾞﾁｬﾁｹ･金　の間違いのお詫びです
30149731,2,367,1,強襲ﾔｸｻﾞ～富士山ﾔｸｻﾞ篇～　富士山ﾔｸｻﾞｶﾞﾁｬﾁｹ･金　の間違いのお詫びです
25139795,2,367,1,強襲ﾔｸｻﾞ～富士山ﾔｸｻﾞ篇～　富士山ﾔｸｻﾞｶﾞﾁｬﾁｹ･金　の間違いのお詫びです
31072179,2,367,2,強襲ﾔｸｻﾞ～富士山ﾔｸｻﾞ篇～　富士山ﾔｸｻﾞｶﾞﾁｬﾁｹ･金　の間違いのお詫びです
31136713,2,367,1,強襲ﾔｸｻﾞ～富士山ﾔｸｻﾞ篇～　富士山ﾔｸｻﾞｶﾞﾁｬﾁｹ･金　の間違いのお詫びです
43848736,2,367,2,強襲ﾔｸｻﾞ～富士山ﾔｸｻﾞ篇～　富士山ﾔｸｻﾞｶﾞﾁｬﾁｹ･金　の間違いのお詫びです
30647370,2,367,2,強襲ﾔｸｻﾞ～富士山ﾔｸｻﾞ篇～　富士山ﾔｸｻﾞｶﾞﾁｬﾁｹ･金　の間違いのお詫びです
37883326,2,367,1,強襲ﾔｸｻﾞ～富士山ﾔｸｻﾞ篇～　富士山ﾔｸｻﾞｶﾞﾁｬﾁｹ･金　の間違いのお詫びです
28446021,2,367,1,強襲ﾔｸｻﾞ～富士山ﾔｸｻﾞ篇～　富士山ﾔｸｻﾞｶﾞﾁｬﾁｹ･金　の間違いのお詫びです
586774,2,367,2,強襲ﾔｸｻﾞ～富士山ﾔｸｻﾞ篇～　富士山ﾔｸｻﾞｶﾞﾁｬﾁｹ･金　の間違いのお詫びです
684919246,2,367,1,強襲ﾔｸｻﾞ～富士山ﾔｸｻﾞ篇～　富士山ﾔｸｻﾞｶﾞﾁｬﾁｹ･金　の間違いのお詫びです
49906640,2,367,1,強襲ﾔｸｻﾞ～富士山ﾔｸｻﾞ篇～　富士山ﾔｸｻﾞｶﾞﾁｬﾁｹ･金　の間違いのお詫びです
31701427,2,367,4,強襲ﾔｸｻﾞ～富士山ﾔｸｻﾞ篇～　富士山ﾔｸｻﾞｶﾞﾁｬﾁｹ･金　の間違いのお詫びです
37221354,2,367,1,強襲ﾔｸｻﾞ～富士山ﾔｸｻﾞ篇～　富士山ﾔｸｻﾞｶﾞﾁｬﾁｹ･金　の間違いのお詫びです
46850497,2,367,1,強襲ﾔｸｻﾞ～富士山ﾔｸｻﾞ篇～　富士山ﾔｸｻﾞｶﾞﾁｬﾁｹ･金　の間違いのお詫びです
43834292,2,367,1,強襲ﾔｸｻﾞ～富士山ﾔｸｻﾞ篇～　富士山ﾔｸｻﾞｶﾞﾁｬﾁｹ･金　の間違いのお詫びです
34938840,2,367,2,強襲ﾔｸｻﾞ～富士山ﾔｸｻﾞ篇～　富士山ﾔｸｻﾞｶﾞﾁｬﾁｹ･金　の間違いのお詫びです
23997445,2,367,1,強襲ﾔｸｻﾞ～富士山ﾔｸｻﾞ篇～　富士山ﾔｸｻﾞｶﾞﾁｬﾁｹ･金　の間違いのお詫びです
42430823,2,367,2,強襲ﾔｸｻﾞ～富士山ﾔｸｻﾞ篇～　富士山ﾔｸｻﾞｶﾞﾁｬﾁｹ･金　の間違いのお詫びです
32250538,2,367,1,強襲ﾔｸｻﾞ～富士山ﾔｸｻﾞ篇～　富士山ﾔｸｻﾞｶﾞﾁｬﾁｹ･金　の間違いのお詫びです
37987340,2,367,1,強襲ﾔｸｻﾞ～富士山ﾔｸｻﾞ篇～　富士山ﾔｸｻﾞｶﾞﾁｬﾁｹ･金　の間違いのお詫びです
18381841,2,367,1,強襲ﾔｸｻﾞ～富士山ﾔｸｻﾞ篇～　富士山ﾔｸｻﾞｶﾞﾁｬﾁｹ･金　の間違いのお詫びです
25677395,2,367,1,強襲ﾔｸｻﾞ～富士山ﾔｸｻﾞ篇～　富士山ﾔｸｻﾞｶﾞﾁｬﾁｹ･金　の間違いのお詫びです
16829271,2,367,1,強襲ﾔｸｻﾞ～富士山ﾔｸｻﾞ篇～　富士山ﾔｸｻﾞｶﾞﾁｬﾁｹ･金　の間違いのお詫びです
45588464,2,367,1,強襲ﾔｸｻﾞ～富士山ﾔｸｻﾞ篇～　富士山ﾔｸｻﾞｶﾞﾁｬﾁｹ･金　の間違いのお詫びです
58929866,2,367,1,強襲ﾔｸｻﾞ～富士山ﾔｸｻﾞ篇～　富士山ﾔｸｻﾞｶﾞﾁｬﾁｹ･金　の間違いのお詫びです
24750587,2,367,2,強襲ﾔｸｻﾞ～富士山ﾔｸｻﾞ篇～　富士山ﾔｸｻﾞｶﾞﾁｬﾁｹ･金　の間違いのお詫びです
20089348,2,367,1,強襲ﾔｸｻﾞ～富士山ﾔｸｻﾞ篇～　富士山ﾔｸｻﾞｶﾞﾁｬﾁｹ･金　の間違いのお詫びです
46420449,2,367,1,強襲ﾔｸｻﾞ～富士山ﾔｸｻﾞ篇～　富士山ﾔｸｻﾞｶﾞﾁｬﾁｹ･金　の間違いのお詫びです
49202724,2,367,1,強襲ﾔｸｻﾞ～富士山ﾔｸｻﾞ篇～　富士山ﾔｸｻﾞｶﾞﾁｬﾁｹ･金　の間違いのお詫びです
6365654,2,367,2,強襲ﾔｸｻﾞ～富士山ﾔｸｻﾞ篇～　富士山ﾔｸｻﾞｶﾞﾁｬﾁｹ･金　の間違いのお詫びです
32315455,2,367,1,強襲ﾔｸｻﾞ～富士山ﾔｸｻﾞ篇～　富士山ﾔｸｻﾞｶﾞﾁｬﾁｹ･金　の間違いのお詫びです
47683014,2,367,1,強襲ﾔｸｻﾞ～富士山ﾔｸｻﾞ篇～　富士山ﾔｸｻﾞｶﾞﾁｬﾁｹ･金　の間違いのお詫びです
17392542,2,367,1,強襲ﾔｸｻﾞ～富士山ﾔｸｻﾞ篇～　富士山ﾔｸｻﾞｶﾞﾁｬﾁｹ･金　の間違いのお詫びです
46678229,2,367,1,強襲ﾔｸｻﾞ～富士山ﾔｸｻﾞ篇～　富士山ﾔｸｻﾞｶﾞﾁｬﾁｹ･金　の間違いのお詫びです
44517755,2,367,1,強襲ﾔｸｻﾞ～富士山ﾔｸｻﾞ篇～　富士山ﾔｸｻﾞｶﾞﾁｬﾁｹ･金　の間違いのお詫びです
12917574,2,367,2,強襲ﾔｸｻﾞ～富士山ﾔｸｻﾞ篇～　富士山ﾔｸｻﾞｶﾞﾁｬﾁｹ･金　の間違いのお詫びです
28872444,2,367,1,強襲ﾔｸｻﾞ～富士山ﾔｸｻﾞ篇～　富士山ﾔｸｻﾞｶﾞﾁｬﾁｹ･金　の間違いのお詫びです
37177910,2,367,1,強襲ﾔｸｻﾞ～富士山ﾔｸｻﾞ篇～　富士山ﾔｸｻﾞｶﾞﾁｬﾁｹ･金　の間違いのお詫びです
41020376,2,367,1,強襲ﾔｸｻﾞ～富士山ﾔｸｻﾞ篇～　富士山ﾔｸｻﾞｶﾞﾁｬﾁｹ･金　の間違いのお詫びです
55737581,2,367,1,強襲ﾔｸｻﾞ～富士山ﾔｸｻﾞ篇～　富士山ﾔｸｻﾞｶﾞﾁｬﾁｹ･金　の間違いのお詫びです
18880654,2,367,1,強襲ﾔｸｻﾞ～富士山ﾔｸｻﾞ篇～　富士山ﾔｸｻﾞｶﾞﾁｬﾁｹ･金　の間違いのお詫びです
41157272,2,367,2,強襲ﾔｸｻﾞ～富士山ﾔｸｻﾞ篇～　富士山ﾔｸｻﾞｶﾞﾁｬﾁｹ･金　の間違いのお詫びです
12375156,2,367,2,強襲ﾔｸｻﾞ～富士山ﾔｸｻﾞ篇～　富士山ﾔｸｻﾞｶﾞﾁｬﾁｹ･金　の間違いのお詫びです
51983125,2,367,1,強襲ﾔｸｻﾞ～富士山ﾔｸｻﾞ篇～　富士山ﾔｸｻﾞｶﾞﾁｬﾁｹ･金　の間違いのお詫びです
14356016,2,367,1,強襲ﾔｸｻﾞ～富士山ﾔｸｻﾞ篇～　富士山ﾔｸｻﾞｶﾞﾁｬﾁｹ･金　の間違いのお詫びです
14328694,2,367,2,強襲ﾔｸｻﾞ～富士山ﾔｸｻﾞ篇～　富士山ﾔｸｻﾞｶﾞﾁｬﾁｹ･金　の間違いのお詫びです
43878806,2,367,1,強襲ﾔｸｻﾞ～富士山ﾔｸｻﾞ篇～　富士山ﾔｸｻﾞｶﾞﾁｬﾁｹ･金　の間違いのお詫びです
20797484,2,367,1,強襲ﾔｸｻﾞ～富士山ﾔｸｻﾞ篇～　富士山ﾔｸｻﾞｶﾞﾁｬﾁｹ･金　の間違いのお詫びです
8382284,2,367,1,強襲ﾔｸｻﾞ～富士山ﾔｸｻﾞ篇～　富士山ﾔｸｻﾞｶﾞﾁｬﾁｹ･金　の間違いのお詫びです
29126215,2,367,1,強襲ﾔｸｻﾞ～富士山ﾔｸｻﾞ篇～　富士山ﾔｸｻﾞｶﾞﾁｬﾁｹ･金　の間違いのお詫びです
10972280,2,367,4,強襲ﾔｸｻﾞ～富士山ﾔｸｻﾞ篇～　富士山ﾔｸｻﾞｶﾞﾁｬﾁｹ･金　の間違いのお詫びです
4998650,2,367,2,強襲ﾔｸｻﾞ～富士山ﾔｸｻﾞ篇～　富士山ﾔｸｻﾞｶﾞﾁｬﾁｹ･金　の間違いのお詫びです
21814800,2,367,1,強襲ﾔｸｻﾞ～富士山ﾔｸｻﾞ篇～　富士山ﾔｸｻﾞｶﾞﾁｬﾁｹ･金　の間違いのお詫びです
56188131,2,367,1,強襲ﾔｸｻﾞ～富士山ﾔｸｻﾞ篇～　富士山ﾔｸｻﾞｶﾞﾁｬﾁｹ･金　の間違いのお詫びです
26412300,2,367,2,強襲ﾔｸｻﾞ～富士山ﾔｸｻﾞ篇～　富士山ﾔｸｻﾞｶﾞﾁｬﾁｹ･金　の間違いのお詫びです
6323881,2,367,1,強襲ﾔｸｻﾞ～富士山ﾔｸｻﾞ篇～　富士山ﾔｸｻﾞｶﾞﾁｬﾁｹ･金　の間違いのお詫びです
16966202,2,367,2,強襲ﾔｸｻﾞ～富士山ﾔｸｻﾞ篇～　富士山ﾔｸｻﾞｶﾞﾁｬﾁｹ･金　の間違いのお詫びです
54579498,2,367,1,強襲ﾔｸｻﾞ～富士山ﾔｸｻﾞ篇～　富士山ﾔｸｻﾞｶﾞﾁｬﾁｹ･金　の間違いのお詫びです
2983161,2,367,1,強襲ﾔｸｻﾞ～富士山ﾔｸｻﾞ篇～　富士山ﾔｸｻﾞｶﾞﾁｬﾁｹ･金　の間違いのお詫びです
45537323,2,367,1,強襲ﾔｸｻﾞ～富士山ﾔｸｻﾞ篇～　富士山ﾔｸｻﾞｶﾞﾁｬﾁｹ･金　の間違いのお詫びです
23759119,2,367,1,強襲ﾔｸｻﾞ～富士山ﾔｸｻﾞ篇～　富士山ﾔｸｻﾞｶﾞﾁｬﾁｹ･金　の間違いのお詫びです
51099462,2,367,1,強襲ﾔｸｻﾞ～富士山ﾔｸｻﾞ篇～　富士山ﾔｸｻﾞｶﾞﾁｬﾁｹ･金　の間違いのお詫びです
47773972,2,367,1,強襲ﾔｸｻﾞ～富士山ﾔｸｻﾞ篇～　富士山ﾔｸｻﾞｶﾞﾁｬﾁｹ･金　の間違いのお詫びです
3961148,2,367,2,強襲ﾔｸｻﾞ～富士山ﾔｸｻﾞ篇～　富士山ﾔｸｻﾞｶﾞﾁｬﾁｹ･金　の間違いのお詫びです
9325576,2,367,1,強襲ﾔｸｻﾞ～富士山ﾔｸｻﾞ篇～　富士山ﾔｸｻﾞｶﾞﾁｬﾁｹ･金　の間違いのお詫びです
7766004,2,367,1,強襲ﾔｸｻﾞ～富士山ﾔｸｻﾞ篇～　富士山ﾔｸｻﾞｶﾞﾁｬﾁｹ･金　の間違いのお詫びです
45961698,2,367,2,強襲ﾔｸｻﾞ～富士山ﾔｸｻﾞ篇～　富士山ﾔｸｻﾞｶﾞﾁｬﾁｹ･金　の間違いのお詫びです
12616254,2,367,1,強襲ﾔｸｻﾞ～富士山ﾔｸｻﾞ篇～　富士山ﾔｸｻﾞｶﾞﾁｬﾁｹ･金　の間違いのお詫びです
30472838,2,367,1,強襲ﾔｸｻﾞ～富士山ﾔｸｻﾞ篇～　富士山ﾔｸｻﾞｶﾞﾁｬﾁｹ･金　の間違いのお詫びです
23276939,2,367,1,強襲ﾔｸｻﾞ～富士山ﾔｸｻﾞ篇～　富士山ﾔｸｻﾞｶﾞﾁｬﾁｹ･金　の間違いのお詫びです
42386799,2,367,1,強襲ﾔｸｻﾞ～富士山ﾔｸｻﾞ篇～　富士山ﾔｸｻﾞｶﾞﾁｬﾁｹ･金　の間違いのお詫びです
5038994,2,367,1,強襲ﾔｸｻﾞ～富士山ﾔｸｻﾞ篇～　富士山ﾔｸｻﾞｶﾞﾁｬﾁｹ･金　の間違いのお詫びです
56888430,2,367,2,強襲ﾔｸｻﾞ～富士山ﾔｸｻﾞ篇～　富士山ﾔｸｻﾞｶﾞﾁｬﾁｹ･金　の間違いのお詫びです
37231016,2,367,1,強襲ﾔｸｻﾞ～富士山ﾔｸｻﾞ篇～　富士山ﾔｸｻﾞｶﾞﾁｬﾁｹ･金　の間違いのお詫びです
27902386,2,367,2,強襲ﾔｸｻﾞ～富士山ﾔｸｻﾞ篇～　富士山ﾔｸｻﾞｶﾞﾁｬﾁｹ･金　の間違いのお詫びです
45514102,2,367,1,強襲ﾔｸｻﾞ～富士山ﾔｸｻﾞ篇～　富士山ﾔｸｻﾞｶﾞﾁｬﾁｹ･金　の間違いのお詫びです
38982349,2,367,1,強襲ﾔｸｻﾞ～富士山ﾔｸｻﾞ篇～　富士山ﾔｸｻﾞｶﾞﾁｬﾁｹ･金　の間違いのお詫びです
14242234,2,367,1,強襲ﾔｸｻﾞ～富士山ﾔｸｻﾞ篇～　富士山ﾔｸｻﾞｶﾞﾁｬﾁｹ･金　の間違いのお詫びです
8741381,2,367,1,強襲ﾔｸｻﾞ～富士山ﾔｸｻﾞ篇～　富士山ﾔｸｻﾞｶﾞﾁｬﾁｹ･金　の間違いのお詫びです
37144243,2,367,1,強襲ﾔｸｻﾞ～富士山ﾔｸｻﾞ篇～　富士山ﾔｸｻﾞｶﾞﾁｬﾁｹ･金　の間違いのお詫びです
6744622,2,367,1,強襲ﾔｸｻﾞ～富士山ﾔｸｻﾞ篇～　富士山ﾔｸｻﾞｶﾞﾁｬﾁｹ･金　の間違いのお詫びです
32815470,2,367,3,強襲ﾔｸｻﾞ～富士山ﾔｸｻﾞ篇～　富士山ﾔｸｻﾞｶﾞﾁｬﾁｹ･金　の間違いのお詫びです
37881567,2,367,1,強襲ﾔｸｻﾞ～富士山ﾔｸｻﾞ篇～　富士山ﾔｸｻﾞｶﾞﾁｬﾁｹ･金　の間違いのお詫びです
11316094,2,367,1,強襲ﾔｸｻﾞ～富士山ﾔｸｻﾞ篇～　富士山ﾔｸｻﾞｶﾞﾁｬﾁｹ･金　の間違いのお詫びです
23873342,2,367,1,強襲ﾔｸｻﾞ～富士山ﾔｸｻﾞ篇～　富士山ﾔｸｻﾞｶﾞﾁｬﾁｹ･金　の間違いのお詫びです
13121191,2,367,2,強襲ﾔｸｻﾞ～富士山ﾔｸｻﾞ篇～　富士山ﾔｸｻﾞｶﾞﾁｬﾁｹ･金　の間違いのお詫びです
49785055,2,367,1,強襲ﾔｸｻﾞ～富士山ﾔｸｻﾞ篇～　富士山ﾔｸｻﾞｶﾞﾁｬﾁｹ･金　の間違いのお詫びです
49556179,2,367,2,強襲ﾔｸｻﾞ～富士山ﾔｸｻﾞ篇～　富士山ﾔｸｻﾞｶﾞﾁｬﾁｹ･金　の間違いのお詫びです
6720801,2,367,2,強襲ﾔｸｻﾞ～富士山ﾔｸｻﾞ篇～　富士山ﾔｸｻﾞｶﾞﾁｬﾁｹ･金　の間違いのお詫びです
19926310,2,367,1,強襲ﾔｸｻﾞ～富士山ﾔｸｻﾞ篇～　富士山ﾔｸｻﾞｶﾞﾁｬﾁｹ･金　の間違いのお詫びです
23912867,2,367,3,強襲ﾔｸｻﾞ～富士山ﾔｸｻﾞ篇～　富士山ﾔｸｻﾞｶﾞﾁｬﾁｹ･金　の間違いのお詫びです
22085772,2,367,2,強襲ﾔｸｻﾞ～富士山ﾔｸｻﾞ篇～　富士山ﾔｸｻﾞｶﾞﾁｬﾁｹ･金　の間違いのお詫びです
16780885,2,367,2,強襲ﾔｸｻﾞ～富士山ﾔｸｻﾞ篇～　富士山ﾔｸｻﾞｶﾞﾁｬﾁｹ･金　の間違いのお詫びです
53591595,2,367,1,強襲ﾔｸｻﾞ～富士山ﾔｸｻﾞ篇～　富士山ﾔｸｻﾞｶﾞﾁｬﾁｹ･金　の間違いのお詫びです
39199558,2,367,3,強襲ﾔｸｻﾞ～富士山ﾔｸｻﾞ篇～　富士山ﾔｸｻﾞｶﾞﾁｬﾁｹ･金　の間違いのお詫びです
46985357,2,367,1,強襲ﾔｸｻﾞ～富士山ﾔｸｻﾞ篇～　富士山ﾔｸｻﾞｶﾞﾁｬﾁｹ･金　の間違いのお詫びです
9139502,2,367,1,強襲ﾔｸｻﾞ～富士山ﾔｸｻﾞ篇～　富士山ﾔｸｻﾞｶﾞﾁｬﾁｹ･金　の間違いのお詫びです
30414047,2,367,1,強襲ﾔｸｻﾞ～富士山ﾔｸｻﾞ篇～　富士山ﾔｸｻﾞｶﾞﾁｬﾁｹ･金　の間違いのお詫びです
19048280,2,367,4,強襲ﾔｸｻﾞ～富士山ﾔｸｻﾞ篇～　富士山ﾔｸｻﾞｶﾞﾁｬﾁｹ･金　の間違いのお詫びです
35665795,2,367,1,強襲ﾔｸｻﾞ～富士山ﾔｸｻﾞ篇～　富士山ﾔｸｻﾞｶﾞﾁｬﾁｹ･金　の間違いのお詫びです
1900278,2,367,7,強襲ﾔｸｻﾞ～富士山ﾔｸｻﾞ篇～　富士山ﾔｸｻﾞｶﾞﾁｬﾁｹ･金　の間違いのお詫びです
34813859,2,367,2,強襲ﾔｸｻﾞ～富士山ﾔｸｻﾞ篇～　富士山ﾔｸｻﾞｶﾞﾁｬﾁｹ･金　の間違いのお詫びです
50227516,2,367,1,強襲ﾔｸｻﾞ～富士山ﾔｸｻﾞ篇～　富士山ﾔｸｻﾞｶﾞﾁｬﾁｹ･金　の間違いのお詫びです
49857012,2,367,4,強襲ﾔｸｻﾞ～富士山ﾔｸｻﾞ篇～　富士山ﾔｸｻﾞｶﾞﾁｬﾁｹ･金　の間違いのお詫びです
22431889,2,367,1,強襲ﾔｸｻﾞ～富士山ﾔｸｻﾞ篇～　富士山ﾔｸｻﾞｶﾞﾁｬﾁｹ･金　の間違いのお詫びです
25205953,2,367,2,強襲ﾔｸｻﾞ～富士山ﾔｸｻﾞ篇～　富士山ﾔｸｻﾞｶﾞﾁｬﾁｹ･金　の間違いのお詫びです
34462144,2,367,1,強襲ﾔｸｻﾞ～富士山ﾔｸｻﾞ篇～　富士山ﾔｸｻﾞｶﾞﾁｬﾁｹ･金　の間違いのお詫びです
18321610,2,367,1,強襲ﾔｸｻﾞ～富士山ﾔｸｻﾞ篇～　富士山ﾔｸｻﾞｶﾞﾁｬﾁｹ･金　の間違いのお詫びです
29076975,2,367,1,強襲ﾔｸｻﾞ～富士山ﾔｸｻﾞ篇～　富士山ﾔｸｻﾞｶﾞﾁｬﾁｹ･金　の間違いのお詫びです
41054703,2,367,2,強襲ﾔｸｻﾞ～富士山ﾔｸｻﾞ篇～　富士山ﾔｸｻﾞｶﾞﾁｬﾁｹ･金　の間違いのお詫びです
59272554,2,367,1,強襲ﾔｸｻﾞ～富士山ﾔｸｻﾞ篇～　富士山ﾔｸｻﾞｶﾞﾁｬﾁｹ･金　の間違いのお詫びです
23501258,2,367,2,強襲ﾔｸｻﾞ～富士山ﾔｸｻﾞ篇～　富士山ﾔｸｻﾞｶﾞﾁｬﾁｹ･金　の間違いのお詫びです
30668625,2,367,1,強襲ﾔｸｻﾞ～富士山ﾔｸｻﾞ篇～　富士山ﾔｸｻﾞｶﾞﾁｬﾁｹ･金　の間違いのお詫びです
32984354,2,367,1,強襲ﾔｸｻﾞ～富士山ﾔｸｻﾞ篇～　富士山ﾔｸｻﾞｶﾞﾁｬﾁｹ･金　の間違いのお詫びです
16573738,2,367,3,強襲ﾔｸｻﾞ～富士山ﾔｸｻﾞ篇～　富士山ﾔｸｻﾞｶﾞﾁｬﾁｹ･金　の間違いのお詫びです
18887739,2,367,2,強襲ﾔｸｻﾞ～富士山ﾔｸｻﾞ篇～　富士山ﾔｸｻﾞｶﾞﾁｬﾁｹ･金　の間違いのお詫びです
6137760,2,367,6,強襲ﾔｸｻﾞ～富士山ﾔｸｻﾞ篇～　富士山ﾔｸｻﾞｶﾞﾁｬﾁｹ･金　の間違いのお詫びです
51329236,2,367,2,強襲ﾔｸｻﾞ～富士山ﾔｸｻﾞ篇～　富士山ﾔｸｻﾞｶﾞﾁｬﾁｹ･金　の間違いのお詫びです
34578782,2,367,2,強襲ﾔｸｻﾞ～富士山ﾔｸｻﾞ篇～　富士山ﾔｸｻﾞｶﾞﾁｬﾁｹ･金　の間違いのお詫びです
9863329,2,367,1,強襲ﾔｸｻﾞ～富士山ﾔｸｻﾞ篇～　富士山ﾔｸｻﾞｶﾞﾁｬﾁｹ･金　の間違いのお詫びです
34021740,2,367,1,強襲ﾔｸｻﾞ～富士山ﾔｸｻﾞ篇～　富士山ﾔｸｻﾞｶﾞﾁｬﾁｹ･金　の間違いのお詫びです
28278780,2,367,2,強襲ﾔｸｻﾞ～富士山ﾔｸｻﾞ篇～　富士山ﾔｸｻﾞｶﾞﾁｬﾁｹ･金　の間違いのお詫びです
43993971,2,367,2,強襲ﾔｸｻﾞ～富士山ﾔｸｻﾞ篇～　富士山ﾔｸｻﾞｶﾞﾁｬﾁｹ･金　の間違いのお詫びです
12799422,2,367,2,強襲ﾔｸｻﾞ～富士山ﾔｸｻﾞ篇～　富士山ﾔｸｻﾞｶﾞﾁｬﾁｹ･金　の間違いのお詫びです
3300309,2,367,1,強襲ﾔｸｻﾞ～富士山ﾔｸｻﾞ篇～　富士山ﾔｸｻﾞｶﾞﾁｬﾁｹ･金　の間違いのお詫びです
54703737,2,367,1,強襲ﾔｸｻﾞ～富士山ﾔｸｻﾞ篇～　富士山ﾔｸｻﾞｶﾞﾁｬﾁｹ･金　の間違いのお詫びです
30169973,2,367,1,強襲ﾔｸｻﾞ～富士山ﾔｸｻﾞ篇～　富士山ﾔｸｻﾞｶﾞﾁｬﾁｹ･金　の間違いのお詫びです
5387216,2,367,3,強襲ﾔｸｻﾞ～富士山ﾔｸｻﾞ篇～　富士山ﾔｸｻﾞｶﾞﾁｬﾁｹ･金　の間違いのお詫びです
41075685,2,367,1,強襲ﾔｸｻﾞ～富士山ﾔｸｻﾞ篇～　富士山ﾔｸｻﾞｶﾞﾁｬﾁｹ･金　の間違いのお詫びです
41611001,2,367,1,強襲ﾔｸｻﾞ～富士山ﾔｸｻﾞ篇～　富士山ﾔｸｻﾞｶﾞﾁｬﾁｹ･金　の間違いのお詫びです
6406166,2,367,3,強襲ﾔｸｻﾞ～富士山ﾔｸｻﾞ篇～　富士山ﾔｸｻﾞｶﾞﾁｬﾁｹ･金　の間違いのお詫びです
5964187,2,367,1,強襲ﾔｸｻﾞ～富士山ﾔｸｻﾞ篇～　富士山ﾔｸｻﾞｶﾞﾁｬﾁｹ･金　の間違いのお詫びです
46534335,2,367,1,強襲ﾔｸｻﾞ～富士山ﾔｸｻﾞ篇～　富士山ﾔｸｻﾞｶﾞﾁｬﾁｹ･金　の間違いのお詫びです
55597726,2,367,1,強襲ﾔｸｻﾞ～富士山ﾔｸｻﾞ篇～　富士山ﾔｸｻﾞｶﾞﾁｬﾁｹ･金　の間違いのお詫びです
32595852,2,367,1,強襲ﾔｸｻﾞ～富士山ﾔｸｻﾞ篇～　富士山ﾔｸｻﾞｶﾞﾁｬﾁｹ･金　の間違いのお詫びです
47829296,2,367,1,強襲ﾔｸｻﾞ～富士山ﾔｸｻﾞ篇～　富士山ﾔｸｻﾞｶﾞﾁｬﾁｹ･金　の間違いのお詫びです
47589563,2,367,1,強襲ﾔｸｻﾞ～富士山ﾔｸｻﾞ篇～　富士山ﾔｸｻﾞｶﾞﾁｬﾁｹ･金　の間違いのお詫びです
38755902,2,367,1,強襲ﾔｸｻﾞ～富士山ﾔｸｻﾞ篇～　富士山ﾔｸｻﾞｶﾞﾁｬﾁｹ･金　の間違いのお詫びです
33679259,2,367,2,強襲ﾔｸｻﾞ～富士山ﾔｸｻﾞ篇～　富士山ﾔｸｻﾞｶﾞﾁｬﾁｹ･金　の間違いのお詫びです
18279667,2,367,1,強襲ﾔｸｻﾞ～富士山ﾔｸｻﾞ篇～　富士山ﾔｸｻﾞｶﾞﾁｬﾁｹ･金　の間違いのお詫びです
15998953,2,367,1,強襲ﾔｸｻﾞ～富士山ﾔｸｻﾞ篇～　富士山ﾔｸｻﾞｶﾞﾁｬﾁｹ･金　の間違いのお詫びです
2406888,2,367,1,強襲ﾔｸｻﾞ～富士山ﾔｸｻﾞ篇～　富士山ﾔｸｻﾞｶﾞﾁｬﾁｹ･金　の間違いのお詫びです
38635015,2,367,1,強襲ﾔｸｻﾞ～富士山ﾔｸｻﾞ篇～　富士山ﾔｸｻﾞｶﾞﾁｬﾁｹ･金　の間違いのお詫びです
33428184,2,367,1,強襲ﾔｸｻﾞ～富士山ﾔｸｻﾞ篇～　富士山ﾔｸｻﾞｶﾞﾁｬﾁｹ･金　の間違いのお詫びです
48429889,2,367,1,強襲ﾔｸｻﾞ～富士山ﾔｸｻﾞ篇～　富士山ﾔｸｻﾞｶﾞﾁｬﾁｹ･金　の間違いのお詫びです
45194305,2,367,1,強襲ﾔｸｻﾞ～富士山ﾔｸｻﾞ篇～　富士山ﾔｸｻﾞｶﾞﾁｬﾁｹ･金　の間違いのお詫びです
45182575,2,367,1,強襲ﾔｸｻﾞ～富士山ﾔｸｻﾞ篇～　富士山ﾔｸｻﾞｶﾞﾁｬﾁｹ･金　の間違いのお詫びです
47193260,2,367,1,強襲ﾔｸｻﾞ～富士山ﾔｸｻﾞ篇～　富士山ﾔｸｻﾞｶﾞﾁｬﾁｹ･金　の間違いのお詫びです
29109240,2,367,1,強襲ﾔｸｻﾞ～富士山ﾔｸｻﾞ篇～　富士山ﾔｸｻﾞｶﾞﾁｬﾁｹ･金　の間違いのお詫びです
17196990,2,367,1,強襲ﾔｸｻﾞ～富士山ﾔｸｻﾞ篇～　富士山ﾔｸｻﾞｶﾞﾁｬﾁｹ･金　の間違いのお詫びです
49418368,2,367,1,強襲ﾔｸｻﾞ～富士山ﾔｸｻﾞ篇～　富士山ﾔｸｻﾞｶﾞﾁｬﾁｹ･金　の間違いのお詫びです
41936135,2,367,1,強襲ﾔｸｻﾞ～富士山ﾔｸｻﾞ篇～　富士山ﾔｸｻﾞｶﾞﾁｬﾁｹ･金　の間違いのお詫びです
10220515,2,367,1,強襲ﾔｸｻﾞ～富士山ﾔｸｻﾞ篇～　富士山ﾔｸｻﾞｶﾞﾁｬﾁｹ･金　の間違いのお詫びです
43605659,2,367,1,強襲ﾔｸｻﾞ～富士山ﾔｸｻﾞ篇～　富士山ﾔｸｻﾞｶﾞﾁｬﾁｹ･金　の間違いのお詫びです
10977258,2,367,1,強襲ﾔｸｻﾞ～富士山ﾔｸｻﾞ篇～　富士山ﾔｸｻﾞｶﾞﾁｬﾁｹ･金　の間違いのお詫びです
21731973,2,367,1,強襲ﾔｸｻﾞ～富士山ﾔｸｻﾞ篇～　富士山ﾔｸｻﾞｶﾞﾁｬﾁｹ･金　の間違いのお詫びです
49550983,2,367,1,強襲ﾔｸｻﾞ～富士山ﾔｸｻﾞ篇～　富士山ﾔｸｻﾞｶﾞﾁｬﾁｹ･金　の間違いのお詫びです
51766556,2,367,1,強襲ﾔｸｻﾞ～富士山ﾔｸｻﾞ篇～　富士山ﾔｸｻﾞｶﾞﾁｬﾁｹ･金　の間違いのお詫びです
56489270,2,367,1,強襲ﾔｸｻﾞ～富士山ﾔｸｻﾞ篇～　富士山ﾔｸｻﾞｶﾞﾁｬﾁｹ･金　の間違いのお詫びです
20500491,2,367,1,強襲ﾔｸｻﾞ～富士山ﾔｸｻﾞ篇～　富士山ﾔｸｻﾞｶﾞﾁｬﾁｹ･金　の間違いのお詫びです
40838366,2,367,1,強襲ﾔｸｻﾞ～富士山ﾔｸｻﾞ篇～　富士山ﾔｸｻﾞｶﾞﾁｬﾁｹ･金　の間違いのお詫びです
21295785,2,367,2,強襲ﾔｸｻﾞ～富士山ﾔｸｻﾞ篇～　富士山ﾔｸｻﾞｶﾞﾁｬﾁｹ･金　の間違いのお詫びです
13893978,2,367,2,強襲ﾔｸｻﾞ～富士山ﾔｸｻﾞ篇～　富士山ﾔｸｻﾞｶﾞﾁｬﾁｹ･金　の間違いのお詫びです
35432465,2,367,1,強襲ﾔｸｻﾞ～富士山ﾔｸｻﾞ篇～　富士山ﾔｸｻﾞｶﾞﾁｬﾁｹ･金　の間違いのお詫びです
30917315,2,367,1,強襲ﾔｸｻﾞ～富士山ﾔｸｻﾞ篇～　富士山ﾔｸｻﾞｶﾞﾁｬﾁｹ･金　の間違いのお詫びです
46541035,2,367,1,強襲ﾔｸｻﾞ～富士山ﾔｸｻﾞ篇～　富士山ﾔｸｻﾞｶﾞﾁｬﾁｹ･金　の間違いのお詫びです
45242796,2,367,1,強襲ﾔｸｻﾞ～富士山ﾔｸｻﾞ篇～　富士山ﾔｸｻﾞｶﾞﾁｬﾁｹ･金　の間違いのお詫びです
3073329,2,367,1,強襲ﾔｸｻﾞ～富士山ﾔｸｻﾞ篇～　富士山ﾔｸｻﾞｶﾞﾁｬﾁｹ･金　の間違いのお詫びです
33583609,2,367,1,強襲ﾔｸｻﾞ～富士山ﾔｸｻﾞ篇～　富士山ﾔｸｻﾞｶﾞﾁｬﾁｹ･金　の間違いのお詫びです
48503766,2,367,1,強襲ﾔｸｻﾞ～富士山ﾔｸｻﾞ篇～　富士山ﾔｸｻﾞｶﾞﾁｬﾁｹ･金　の間違いのお詫びです
30480657,2,367,1,強襲ﾔｸｻﾞ～富士山ﾔｸｻﾞ篇～　富士山ﾔｸｻﾞｶﾞﾁｬﾁｹ･金　の間違いのお詫びです
39577313,2,367,1,強襲ﾔｸｻﾞ～富士山ﾔｸｻﾞ篇～　富士山ﾔｸｻﾞｶﾞﾁｬﾁｹ･金　の間違いのお詫びです
8292896,2,367,6,強襲ﾔｸｻﾞ～富士山ﾔｸｻﾞ篇～　富士山ﾔｸｻﾞｶﾞﾁｬﾁｹ･金　の間違いのお詫びです
10171743,2,367,1,強襲ﾔｸｻﾞ～富士山ﾔｸｻﾞ篇～　富士山ﾔｸｻﾞｶﾞﾁｬﾁｹ･金　の間違いのお詫びです
16454662,2,367,1,強襲ﾔｸｻﾞ～富士山ﾔｸｻﾞ篇～　富士山ﾔｸｻﾞｶﾞﾁｬﾁｹ･金　の間違いのお詫びです
49627870,2,367,1,強襲ﾔｸｻﾞ～富士山ﾔｸｻﾞ篇～　富士山ﾔｸｻﾞｶﾞﾁｬﾁｹ･金　の間違いのお詫びです
8042890,2,367,1,強襲ﾔｸｻﾞ～富士山ﾔｸｻﾞ篇～　富士山ﾔｸｻﾞｶﾞﾁｬﾁｹ･金　の間違いのお詫びです
48240903,2,367,1,強襲ﾔｸｻﾞ～富士山ﾔｸｻﾞ篇～　富士山ﾔｸｻﾞｶﾞﾁｬﾁｹ･金　の間違いのお詫びです
33901043,2,367,2,強襲ﾔｸｻﾞ～富士山ﾔｸｻﾞ篇～　富士山ﾔｸｻﾞｶﾞﾁｬﾁｹ･金　の間違いのお詫びです
13178438,2,367,5,強襲ﾔｸｻﾞ～富士山ﾔｸｻﾞ篇～　富士山ﾔｸｻﾞｶﾞﾁｬﾁｹ･金　の間違いのお詫びです
2220050,2,367,2,強襲ﾔｸｻﾞ～富士山ﾔｸｻﾞ篇～　富士山ﾔｸｻﾞｶﾞﾁｬﾁｹ･金　の間違いのお詫びです
61440638,2,367,1,強襲ﾔｸｻﾞ～富士山ﾔｸｻﾞ篇～　富士山ﾔｸｻﾞｶﾞﾁｬﾁｹ･金　の間違いのお詫びです
44255838,2,367,1,強襲ﾔｸｻﾞ～富士山ﾔｸｻﾞ篇～　富士山ﾔｸｻﾞｶﾞﾁｬﾁｹ･金　の間違いのお詫びです
33085017,2,367,1,強襲ﾔｸｻﾞ～富士山ﾔｸｻﾞ篇～　富士山ﾔｸｻﾞｶﾞﾁｬﾁｹ･金　の間違いのお詫びです
53045603,2,367,1,強襲ﾔｸｻﾞ～富士山ﾔｸｻﾞ篇～　富士山ﾔｸｻﾞｶﾞﾁｬﾁｹ･金　の間違いのお詫びです
45387021,2,367,1,強襲ﾔｸｻﾞ～富士山ﾔｸｻﾞ篇～　富士山ﾔｸｻﾞｶﾞﾁｬﾁｹ･金　の間違いのお詫びです
53861472,2,367,2,強襲ﾔｸｻﾞ～富士山ﾔｸｻﾞ篇～　富士山ﾔｸｻﾞｶﾞﾁｬﾁｹ･金　の間違いのお詫びです
36676245,2,367,1,強襲ﾔｸｻﾞ～富士山ﾔｸｻﾞ篇～　富士山ﾔｸｻﾞｶﾞﾁｬﾁｹ･金　の間違いのお詫びです
16681046,2,367,1,強襲ﾔｸｻﾞ～富士山ﾔｸｻﾞ篇～　富士山ﾔｸｻﾞｶﾞﾁｬﾁｹ･金　の間違いのお詫びです
43713644,2,367,5,強襲ﾔｸｻﾞ～富士山ﾔｸｻﾞ篇～　富士山ﾔｸｻﾞｶﾞﾁｬﾁｹ･金　の間違いのお詫びです
28882728,2,367,2,強襲ﾔｸｻﾞ～富士山ﾔｸｻﾞ篇～　富士山ﾔｸｻﾞｶﾞﾁｬﾁｹ･金　の間違いのお詫びです
50752251,2,367,1,強襲ﾔｸｻﾞ～富士山ﾔｸｻﾞ篇～　富士山ﾔｸｻﾞｶﾞﾁｬﾁｹ･金　の間違いのお詫びです
21711179,2,367,2,強襲ﾔｸｻﾞ～富士山ﾔｸｻﾞ篇～　富士山ﾔｸｻﾞｶﾞﾁｬﾁｹ･金　の間違いのお詫びです
51325229,2,367,1,強襲ﾔｸｻﾞ～富士山ﾔｸｻﾞ篇～　富士山ﾔｸｻﾞｶﾞﾁｬﾁｹ･金　の間違いのお詫びです
27450151,2,367,1,強襲ﾔｸｻﾞ～富士山ﾔｸｻﾞ篇～　富士山ﾔｸｻﾞｶﾞﾁｬﾁｹ･金　の間違いのお詫びです
41109303,2,367,2,強襲ﾔｸｻﾞ～富士山ﾔｸｻﾞ篇～　富士山ﾔｸｻﾞｶﾞﾁｬﾁｹ･金　の間違いのお詫びです
33028688,2,367,2,強襲ﾔｸｻﾞ～富士山ﾔｸｻﾞ篇～　富士山ﾔｸｻﾞｶﾞﾁｬﾁｹ･金　の間違いのお詫びです
45651773,2,367,2,強襲ﾔｸｻﾞ～富士山ﾔｸｻﾞ篇～　富士山ﾔｸｻﾞｶﾞﾁｬﾁｹ･金　の間違いのお詫びです
789298,2,367,1,強襲ﾔｸｻﾞ～富士山ﾔｸｻﾞ篇～　富士山ﾔｸｻﾞｶﾞﾁｬﾁｹ･金　の間違いのお詫びです
17535636,2,367,1,強襲ﾔｸｻﾞ～富士山ﾔｸｻﾞ篇～　富士山ﾔｸｻﾞｶﾞﾁｬﾁｹ･金　の間違いのお詫びです
35884571,2,367,2,強襲ﾔｸｻﾞ～富士山ﾔｸｻﾞ篇～　富士山ﾔｸｻﾞｶﾞﾁｬﾁｹ･金　の間違いのお詫びです
46474848,2,367,2,強襲ﾔｸｻﾞ～富士山ﾔｸｻﾞ篇～　富士山ﾔｸｻﾞｶﾞﾁｬﾁｹ･金　の間違いのお詫びです
6093037,2,367,1,強襲ﾔｸｻﾞ～富士山ﾔｸｻﾞ篇～　富士山ﾔｸｻﾞｶﾞﾁｬﾁｹ･金　の間違いのお詫びです
20275776,2,367,1,強襲ﾔｸｻﾞ～富士山ﾔｸｻﾞ篇～　富士山ﾔｸｻﾞｶﾞﾁｬﾁｹ･金　の間違いのお詫びです
34344972,2,367,8,強襲ﾔｸｻﾞ～富士山ﾔｸｻﾞ篇～　富士山ﾔｸｻﾞｶﾞﾁｬﾁｹ･金　の間違いのお詫びです
54471127,2,367,2,強襲ﾔｸｻﾞ～富士山ﾔｸｻﾞ篇～　富士山ﾔｸｻﾞｶﾞﾁｬﾁｹ･金　の間違いのお詫びです
59718814,2,367,1,強襲ﾔｸｻﾞ～富士山ﾔｸｻﾞ篇～　富士山ﾔｸｻﾞｶﾞﾁｬﾁｹ･金　の間違いのお詫びです
47109112,2,367,2,強襲ﾔｸｻﾞ～富士山ﾔｸｻﾞ篇～　富士山ﾔｸｻﾞｶﾞﾁｬﾁｹ･金　の間違いのお詫びです
59287904,2,367,1,強襲ﾔｸｻﾞ～富士山ﾔｸｻﾞ篇～　富士山ﾔｸｻﾞｶﾞﾁｬﾁｹ･金　の間違いのお詫びです
6272883,2,367,1,強襲ﾔｸｻﾞ～富士山ﾔｸｻﾞ篇～　富士山ﾔｸｻﾞｶﾞﾁｬﾁｹ･金　の間違いのお詫びです
44071918,2,367,2,強襲ﾔｸｻﾞ～富士山ﾔｸｻﾞ篇～　富士山ﾔｸｻﾞｶﾞﾁｬﾁｹ･金　の間違いのお詫びです
47490316,2,367,1,強襲ﾔｸｻﾞ～富士山ﾔｸｻﾞ篇～　富士山ﾔｸｻﾞｶﾞﾁｬﾁｹ･金　の間違いのお詫びです
11050551,2,367,1,強襲ﾔｸｻﾞ～富士山ﾔｸｻﾞ篇～　富士山ﾔｸｻﾞｶﾞﾁｬﾁｹ･金　の間違いのお詫びです
11226205,2,367,2,強襲ﾔｸｻﾞ～富士山ﾔｸｻﾞ篇～　富士山ﾔｸｻﾞｶﾞﾁｬﾁｹ･金　の間違いのお詫びです
27421751,2,367,1,強襲ﾔｸｻﾞ～富士山ﾔｸｻﾞ篇～　富士山ﾔｸｻﾞｶﾞﾁｬﾁｹ･金　の間違いのお詫びです
14368135,2,367,1,強襲ﾔｸｻﾞ～富士山ﾔｸｻﾞ篇～　富士山ﾔｸｻﾞｶﾞﾁｬﾁｹ･金　の間違いのお詫びです
38418354,2,367,1,強襲ﾔｸｻﾞ～富士山ﾔｸｻﾞ篇～　富士山ﾔｸｻﾞｶﾞﾁｬﾁｹ･金　の間違いのお詫びです
44577754,2,367,1,強襲ﾔｸｻﾞ～富士山ﾔｸｻﾞ篇～　富士山ﾔｸｻﾞｶﾞﾁｬﾁｹ･金　の間違いのお詫びです
3048636,2,367,3,強襲ﾔｸｻﾞ～富士山ﾔｸｻﾞ篇～　富士山ﾔｸｻﾞｶﾞﾁｬﾁｹ･金　の間違いのお詫びです
12734901,2,367,3,強襲ﾔｸｻﾞ～富士山ﾔｸｻﾞ篇～　富士山ﾔｸｻﾞｶﾞﾁｬﾁｹ･金　の間違いのお詫びです
48284200,2,367,1,強襲ﾔｸｻﾞ～富士山ﾔｸｻﾞ篇～　富士山ﾔｸｻﾞｶﾞﾁｬﾁｹ･金　の間違いのお詫びです
53738056,2,367,1,強襲ﾔｸｻﾞ～富士山ﾔｸｻﾞ篇～　富士山ﾔｸｻﾞｶﾞﾁｬﾁｹ･金　の間違いのお詫びです
38583788,2,367,1,強襲ﾔｸｻﾞ～富士山ﾔｸｻﾞ篇～　富士山ﾔｸｻﾞｶﾞﾁｬﾁｹ･金　の間違いのお詫びです
30627605,2,367,1,強襲ﾔｸｻﾞ～富士山ﾔｸｻﾞ篇～　富士山ﾔｸｻﾞｶﾞﾁｬﾁｹ･金　の間違いのお詫びです
43644556,2,367,1,強襲ﾔｸｻﾞ～富士山ﾔｸｻﾞ篇～　富士山ﾔｸｻﾞｶﾞﾁｬﾁｹ･金　の間違いのお詫びです
12030641,2,367,3,強襲ﾔｸｻﾞ～富士山ﾔｸｻﾞ篇～　富士山ﾔｸｻﾞｶﾞﾁｬﾁｹ･金　の間違いのお詫びです
35107854,2,367,1,強襲ﾔｸｻﾞ～富士山ﾔｸｻﾞ篇～　富士山ﾔｸｻﾞｶﾞﾁｬﾁｹ･金　の間違いのお詫びです
689734982,2,367,1,強襲ﾔｸｻﾞ～富士山ﾔｸｻﾞ篇～　富士山ﾔｸｻﾞｶﾞﾁｬﾁｹ･金　の間違いのお詫びです
11256564,2,367,1,強襲ﾔｸｻﾞ～富士山ﾔｸｻﾞ篇～　富士山ﾔｸｻﾞｶﾞﾁｬﾁｹ･金　の間違いのお詫びです
45773430,2,367,1,強襲ﾔｸｻﾞ～富士山ﾔｸｻﾞ篇～　富士山ﾔｸｻﾞｶﾞﾁｬﾁｹ･金　の間違いのお詫びです
30983592,2,367,1,強襲ﾔｸｻﾞ～富士山ﾔｸｻﾞ篇～　富士山ﾔｸｻﾞｶﾞﾁｬﾁｹ･金　の間違いのお詫びです
689252388,2,367,1,強襲ﾔｸｻﾞ～富士山ﾔｸｻﾞ篇～　富士山ﾔｸｻﾞｶﾞﾁｬﾁｹ･金　の間違いのお詫びです
35053110,2,367,4,強襲ﾔｸｻﾞ～富士山ﾔｸｻﾞ篇～　富士山ﾔｸｻﾞｶﾞﾁｬﾁｹ･金　の間違いのお詫びです
24736420,2,367,2,強襲ﾔｸｻﾞ～富士山ﾔｸｻﾞ篇～　富士山ﾔｸｻﾞｶﾞﾁｬﾁｹ･金　の間違いのお詫びです
26552144,2,367,1,強襲ﾔｸｻﾞ～富士山ﾔｸｻﾞ篇～　富士山ﾔｸｻﾞｶﾞﾁｬﾁｹ･金　の間違いのお詫びです
26544483,2,367,1,強襲ﾔｸｻﾞ～富士山ﾔｸｻﾞ篇～　富士山ﾔｸｻﾞｶﾞﾁｬﾁｹ･金　の間違いのお詫びです
4774520,2,367,1,強襲ﾔｸｻﾞ～富士山ﾔｸｻﾞ篇～　富士山ﾔｸｻﾞｶﾞﾁｬﾁｹ･金　の間違いのお詫びです
16884222,2,367,1,強襲ﾔｸｻﾞ～富士山ﾔｸｻﾞ篇～　富士山ﾔｸｻﾞｶﾞﾁｬﾁｹ･金　の間違いのお詫びです
2442696,2,367,1,強襲ﾔｸｻﾞ～富士山ﾔｸｻﾞ篇～　富士山ﾔｸｻﾞｶﾞﾁｬﾁｹ･金　の間違いのお詫びです
26948598,2,367,2,強襲ﾔｸｻﾞ～富士山ﾔｸｻﾞ篇～　富士山ﾔｸｻﾞｶﾞﾁｬﾁｹ･金　の間違いのお詫びです
35615363,2,367,2,強襲ﾔｸｻﾞ～富士山ﾔｸｻﾞ篇～　富士山ﾔｸｻﾞｶﾞﾁｬﾁｹ･金　の間違いのお詫びです
5610601,2,367,1,強襲ﾔｸｻﾞ～富士山ﾔｸｻﾞ篇～　富士山ﾔｸｻﾞｶﾞﾁｬﾁｹ･金　の間違いのお詫びです
35551886,2,367,1,強襲ﾔｸｻﾞ～富士山ﾔｸｻﾞ篇～　富士山ﾔｸｻﾞｶﾞﾁｬﾁｹ･金　の間違いのお詫びです
8500711,2,367,2,強襲ﾔｸｻﾞ～富士山ﾔｸｻﾞ篇～　富士山ﾔｸｻﾞｶﾞﾁｬﾁｹ･金　の間違いのお詫びです
20473201,2,367,1,強襲ﾔｸｻﾞ～富士山ﾔｸｻﾞ篇～　富士山ﾔｸｻﾞｶﾞﾁｬﾁｹ･金　の間違いのお詫びです
50491530,2,367,1,強襲ﾔｸｻﾞ～富士山ﾔｸｻﾞ篇～　富士山ﾔｸｻﾞｶﾞﾁｬﾁｹ･金　の間違いのお詫びです
26041038,2,367,2,強襲ﾔｸｻﾞ～富士山ﾔｸｻﾞ篇～　富士山ﾔｸｻﾞｶﾞﾁｬﾁｹ･金　の間違いのお詫びです
9697821,2,367,1,強襲ﾔｸｻﾞ～富士山ﾔｸｻﾞ篇～　富士山ﾔｸｻﾞｶﾞﾁｬﾁｹ･金　の間違いのお詫びです
51741228,2,367,2,強襲ﾔｸｻﾞ～富士山ﾔｸｻﾞ篇～　富士山ﾔｸｻﾞｶﾞﾁｬﾁｹ･金　の間違いのお詫びです
55186553,2,367,6,強襲ﾔｸｻﾞ～富士山ﾔｸｻﾞ篇～　富士山ﾔｸｻﾞｶﾞﾁｬﾁｹ･金　の間違いのお詫びです
26660494,2,367,1,強襲ﾔｸｻﾞ～富士山ﾔｸｻﾞ篇～　富士山ﾔｸｻﾞｶﾞﾁｬﾁｹ･金　の間違いのお詫びです
54492769,2,367,2,強襲ﾔｸｻﾞ～富士山ﾔｸｻﾞ篇～　富士山ﾔｸｻﾞｶﾞﾁｬﾁｹ･金　の間違いのお詫びです
59372662,2,367,1,強襲ﾔｸｻﾞ～富士山ﾔｸｻﾞ篇～　富士山ﾔｸｻﾞｶﾞﾁｬﾁｹ･金　の間違いのお詫びです
39780987,2,367,1,強襲ﾔｸｻﾞ～富士山ﾔｸｻﾞ篇～　富士山ﾔｸｻﾞｶﾞﾁｬﾁｹ･金　の間違いのお詫びです
23625789,2,367,3,強襲ﾔｸｻﾞ～富士山ﾔｸｻﾞ篇～　富士山ﾔｸｻﾞｶﾞﾁｬﾁｹ･金　の間違いのお詫びです
45952054,2,367,2,強襲ﾔｸｻﾞ～富士山ﾔｸｻﾞ篇～　富士山ﾔｸｻﾞｶﾞﾁｬﾁｹ･金　の間違いのお詫びです
8577425,2,367,2,強襲ﾔｸｻﾞ～富士山ﾔｸｻﾞ篇～　富士山ﾔｸｻﾞｶﾞﾁｬﾁｹ･金　の間違いのお詫びです
15237988,2,367,2,強襲ﾔｸｻﾞ～富士山ﾔｸｻﾞ篇～　富士山ﾔｸｻﾞｶﾞﾁｬﾁｹ･金　の間違いのお詫びです
42398613,2,367,1,強襲ﾔｸｻﾞ～富士山ﾔｸｻﾞ篇～　富士山ﾔｸｻﾞｶﾞﾁｬﾁｹ･金　の間違いのお詫びです
37750624,2,367,1,強襲ﾔｸｻﾞ～富士山ﾔｸｻﾞ篇～　富士山ﾔｸｻﾞｶﾞﾁｬﾁｹ･金　の間違いのお詫びです
9895764,2,367,1,強襲ﾔｸｻﾞ～富士山ﾔｸｻﾞ篇～　富士山ﾔｸｻﾞｶﾞﾁｬﾁｹ･金　の間違いのお詫びです
27532645,2,367,11,強襲ﾔｸｻﾞ～富士山ﾔｸｻﾞ篇～　富士山ﾔｸｻﾞｶﾞﾁｬﾁｹ･金　の間違いのお詫びです
36101008,2,367,1,強襲ﾔｸｻﾞ～富士山ﾔｸｻﾞ篇～　富士山ﾔｸｻﾞｶﾞﾁｬﾁｹ･金　の間違いのお詫びです
36826851,2,367,1,強襲ﾔｸｻﾞ～富士山ﾔｸｻﾞ篇～　富士山ﾔｸｻﾞｶﾞﾁｬﾁｹ･金　の間違いのお詫びです
52891906,2,367,1,強襲ﾔｸｻﾞ～富士山ﾔｸｻﾞ篇～　富士山ﾔｸｻﾞｶﾞﾁｬﾁｹ･金　の間違いのお詫びです
18805594,2,367,1,強襲ﾔｸｻﾞ～富士山ﾔｸｻﾞ篇～　富士山ﾔｸｻﾞｶﾞﾁｬﾁｹ･金　の間違いのお詫びです
39430589,2,367,1,強襲ﾔｸｻﾞ～富士山ﾔｸｻﾞ篇～　富士山ﾔｸｻﾞｶﾞﾁｬﾁｹ･金　の間違いのお詫びです
39757426,2,367,1,強襲ﾔｸｻﾞ～富士山ﾔｸｻﾞ篇～　富士山ﾔｸｻﾞｶﾞﾁｬﾁｹ･金　の間違いのお詫びです
34167645,2,367,3,強襲ﾔｸｻﾞ～富士山ﾔｸｻﾞ篇～　富士山ﾔｸｻﾞｶﾞﾁｬﾁｹ･金　の間違いのお詫びです
33551919,2,367,1,強襲ﾔｸｻﾞ～富士山ﾔｸｻﾞ篇～　富士山ﾔｸｻﾞｶﾞﾁｬﾁｹ･金　の間違いのお詫びです
58816850,2,367,1,強襲ﾔｸｻﾞ～富士山ﾔｸｻﾞ篇～　富士山ﾔｸｻﾞｶﾞﾁｬﾁｹ･金　の間違いのお詫びです
10427544,2,367,2,強襲ﾔｸｻﾞ～富士山ﾔｸｻﾞ篇～　富士山ﾔｸｻﾞｶﾞﾁｬﾁｹ･金　の間違いのお詫びです
19502966,2,367,4,強襲ﾔｸｻﾞ～富士山ﾔｸｻﾞ篇～　富士山ﾔｸｻﾞｶﾞﾁｬﾁｹ･金　の間違いのお詫びです
47776818,2,367,1,強襲ﾔｸｻﾞ～富士山ﾔｸｻﾞ篇～　富士山ﾔｸｻﾞｶﾞﾁｬﾁｹ･金　の間違いのお詫びです
47942836,2,367,1,強襲ﾔｸｻﾞ～富士山ﾔｸｻﾞ篇～　富士山ﾔｸｻﾞｶﾞﾁｬﾁｹ･金　の間違いのお詫びです
39399559,2,367,1,強襲ﾔｸｻﾞ～富士山ﾔｸｻﾞ篇～　富士山ﾔｸｻﾞｶﾞﾁｬﾁｹ･金　の間違いのお詫びです
52214408,2,367,1,強襲ﾔｸｻﾞ～富士山ﾔｸｻﾞ篇～　富士山ﾔｸｻﾞｶﾞﾁｬﾁｹ･金　の間違いのお詫びです
26130894,2,367,5,強襲ﾔｸｻﾞ～富士山ﾔｸｻﾞ篇～　富士山ﾔｸｻﾞｶﾞﾁｬﾁｹ･金　の間違いのお詫びです
45936217,2,367,1,強襲ﾔｸｻﾞ～富士山ﾔｸｻﾞ篇～　富士山ﾔｸｻﾞｶﾞﾁｬﾁｹ･金　の間違いのお詫びです
22862051,2,367,2,強襲ﾔｸｻﾞ～富士山ﾔｸｻﾞ篇～　富士山ﾔｸｻﾞｶﾞﾁｬﾁｹ･金　の間違いのお詫びです
2552913,2,367,1,強襲ﾔｸｻﾞ～富士山ﾔｸｻﾞ篇～　富士山ﾔｸｻﾞｶﾞﾁｬﾁｹ･金　の間違いのお詫びです
60075684,2,367,1,強襲ﾔｸｻﾞ～富士山ﾔｸｻﾞ篇～　富士山ﾔｸｻﾞｶﾞﾁｬﾁｹ･金　の間違いのお詫びです
11127077,2,367,1,強襲ﾔｸｻﾞ～富士山ﾔｸｻﾞ篇～　富士山ﾔｸｻﾞｶﾞﾁｬﾁｹ･金　の間違いのお詫びです
15753502,2,367,2,強襲ﾔｸｻﾞ～富士山ﾔｸｻﾞ篇～　富士山ﾔｸｻﾞｶﾞﾁｬﾁｹ･金　の間違いのお詫びです
36735162,2,367,1,強襲ﾔｸｻﾞ～富士山ﾔｸｻﾞ篇～　富士山ﾔｸｻﾞｶﾞﾁｬﾁｹ･金　の間違いのお詫びです
34254017,2,367,1,強襲ﾔｸｻﾞ～富士山ﾔｸｻﾞ篇～　富士山ﾔｸｻﾞｶﾞﾁｬﾁｹ･金　の間違いのお詫びです
2674996,2,367,1,強襲ﾔｸｻﾞ～富士山ﾔｸｻﾞ篇～　富士山ﾔｸｻﾞｶﾞﾁｬﾁｹ･金　の間違いのお詫びです
22876003,2,367,2,強襲ﾔｸｻﾞ～富士山ﾔｸｻﾞ篇～　富士山ﾔｸｻﾞｶﾞﾁｬﾁｹ･金　の間違いのお詫びです
24233070,2,367,2,強襲ﾔｸｻﾞ～富士山ﾔｸｻﾞ篇～　富士山ﾔｸｻﾞｶﾞﾁｬﾁｹ･金　の間違いのお詫びです
37392354,2,367,2,強襲ﾔｸｻﾞ～富士山ﾔｸｻﾞ篇～　富士山ﾔｸｻﾞｶﾞﾁｬﾁｹ･金　の間違いのお詫びです
16108627,2,367,1,強襲ﾔｸｻﾞ～富士山ﾔｸｻﾞ篇～　富士山ﾔｸｻﾞｶﾞﾁｬﾁｹ･金　の間違いのお詫びです
15034537,2,367,1,強襲ﾔｸｻﾞ～富士山ﾔｸｻﾞ篇～　富士山ﾔｸｻﾞｶﾞﾁｬﾁｹ･金　の間違いのお詫びです
45463903,2,367,1,強襲ﾔｸｻﾞ～富士山ﾔｸｻﾞ篇～　富士山ﾔｸｻﾞｶﾞﾁｬﾁｹ･金　の間違いのお詫びです
4431237,2,367,1,強襲ﾔｸｻﾞ～富士山ﾔｸｻﾞ篇～　富士山ﾔｸｻﾞｶﾞﾁｬﾁｹ･金　の間違いのお詫びです
41525341,2,367,2,強襲ﾔｸｻﾞ～富士山ﾔｸｻﾞ篇～　富士山ﾔｸｻﾞｶﾞﾁｬﾁｹ･金　の間違いのお詫びです
14576583,2,367,1,強襲ﾔｸｻﾞ～富士山ﾔｸｻﾞ篇～　富士山ﾔｸｻﾞｶﾞﾁｬﾁｹ･金　の間違いのお詫びです
9459068,2,367,2,強襲ﾔｸｻﾞ～富士山ﾔｸｻﾞ篇～　富士山ﾔｸｻﾞｶﾞﾁｬﾁｹ･金　の間違いのお詫びです
51935592,2,367,1,強襲ﾔｸｻﾞ～富士山ﾔｸｻﾞ篇～　富士山ﾔｸｻﾞｶﾞﾁｬﾁｹ･金　の間違いのお詫びです
43688012,2,367,1,強襲ﾔｸｻﾞ～富士山ﾔｸｻﾞ篇～　富士山ﾔｸｻﾞｶﾞﾁｬﾁｹ･金　の間違いのお詫びです
17063885,2,367,1,強襲ﾔｸｻﾞ～富士山ﾔｸｻﾞ篇～　富士山ﾔｸｻﾞｶﾞﾁｬﾁｹ･金　の間違いのお詫びです
48165881,2,367,3,強襲ﾔｸｻﾞ～富士山ﾔｸｻﾞ篇～　富士山ﾔｸｻﾞｶﾞﾁｬﾁｹ･金　の間違いのお詫びです
7641863,2,367,1,強襲ﾔｸｻﾞ～富士山ﾔｸｻﾞ篇～　富士山ﾔｸｻﾞｶﾞﾁｬﾁｹ･金　の間違いのお詫びです
23217430,2,367,1,強襲ﾔｸｻﾞ～富士山ﾔｸｻﾞ篇～　富士山ﾔｸｻﾞｶﾞﾁｬﾁｹ･金　の間違いのお詫びです
30126078,2,367,1,強襲ﾔｸｻﾞ～富士山ﾔｸｻﾞ篇～　富士山ﾔｸｻﾞｶﾞﾁｬﾁｹ･金　の間違いのお詫びです
48429634,2,367,1,強襲ﾔｸｻﾞ～富士山ﾔｸｻﾞ篇～　富士山ﾔｸｻﾞｶﾞﾁｬﾁｹ･金　の間違いのお詫びです
52367567,2,367,1,強襲ﾔｸｻﾞ～富士山ﾔｸｻﾞ篇～　富士山ﾔｸｻﾞｶﾞﾁｬﾁｹ･金　の間違いのお詫びです
32977624,2,367,1,強襲ﾔｸｻﾞ～富士山ﾔｸｻﾞ篇～　富士山ﾔｸｻﾞｶﾞﾁｬﾁｹ･金　の間違いのお詫びです
7004516,2,367,1,強襲ﾔｸｻﾞ～富士山ﾔｸｻﾞ篇～　富士山ﾔｸｻﾞｶﾞﾁｬﾁｹ･金　の間違いのお詫びです
16902396,2,367,1,強襲ﾔｸｻﾞ～富士山ﾔｸｻﾞ篇～　富士山ﾔｸｻﾞｶﾞﾁｬﾁｹ･金　の間違いのお詫びです
51727263,2,367,1,強襲ﾔｸｻﾞ～富士山ﾔｸｻﾞ篇～　富士山ﾔｸｻﾞｶﾞﾁｬﾁｹ･金　の間違いのお詫びです
7795498,2,367,1,強襲ﾔｸｻﾞ～富士山ﾔｸｻﾞ篇～　富士山ﾔｸｻﾞｶﾞﾁｬﾁｹ･金　の間違いのお詫びです
23909185,2,367,1,強襲ﾔｸｻﾞ～富士山ﾔｸｻﾞ篇～　富士山ﾔｸｻﾞｶﾞﾁｬﾁｹ･金　の間違いのお詫びです
36528139,2,367,3,強襲ﾔｸｻﾞ～富士山ﾔｸｻﾞ篇～　富士山ﾔｸｻﾞｶﾞﾁｬﾁｹ･金　の間違いのお詫びです
48656803,2,367,1,強襲ﾔｸｻﾞ～富士山ﾔｸｻﾞ篇～　富士山ﾔｸｻﾞｶﾞﾁｬﾁｹ･金　の間違いのお詫びです
20873043,2,367,1,強襲ﾔｸｻﾞ～富士山ﾔｸｻﾞ篇～　富士山ﾔｸｻﾞｶﾞﾁｬﾁｹ･金　の間違いのお詫びです
16041566,2,367,1,強襲ﾔｸｻﾞ～富士山ﾔｸｻﾞ篇～　富士山ﾔｸｻﾞｶﾞﾁｬﾁｹ･金　の間違いのお詫びです
27788001,2,367,1,強襲ﾔｸｻﾞ～富士山ﾔｸｻﾞ篇～　富士山ﾔｸｻﾞｶﾞﾁｬﾁｹ･金　の間違いのお詫びです
27735059,2,367,1,強襲ﾔｸｻﾞ～富士山ﾔｸｻﾞ篇～　富士山ﾔｸｻﾞｶﾞﾁｬﾁｹ･金　の間違いのお詫びです
47020053,2,367,4,強襲ﾔｸｻﾞ～富士山ﾔｸｻﾞ篇～　富士山ﾔｸｻﾞｶﾞﾁｬﾁｹ･金　の間違いのお詫びです
41569153,2,367,1,強襲ﾔｸｻﾞ～富士山ﾔｸｻﾞ篇～　富士山ﾔｸｻﾞｶﾞﾁｬﾁｹ･金　の間違いのお詫びです
44302592,2,367,2,強襲ﾔｸｻﾞ～富士山ﾔｸｻﾞ篇～　富士山ﾔｸｻﾞｶﾞﾁｬﾁｹ･金　の間違いのお詫びです
49962715,2,367,1,強襲ﾔｸｻﾞ～富士山ﾔｸｻﾞ篇～　富士山ﾔｸｻﾞｶﾞﾁｬﾁｹ･金　の間違いのお詫びです
26372122,2,367,1,強襲ﾔｸｻﾞ～富士山ﾔｸｻﾞ篇～　富士山ﾔｸｻﾞｶﾞﾁｬﾁｹ･金　の間違いのお詫びです
11201602,2,367,1,強襲ﾔｸｻﾞ～富士山ﾔｸｻﾞ篇～　富士山ﾔｸｻﾞｶﾞﾁｬﾁｹ･金　の間違いのお詫びです
44415833,2,367,1,強襲ﾔｸｻﾞ～富士山ﾔｸｻﾞ篇～　富士山ﾔｸｻﾞｶﾞﾁｬﾁｹ･金　の間違いのお詫びです
31124399,2,367,1,強襲ﾔｸｻﾞ～富士山ﾔｸｻﾞ篇～　富士山ﾔｸｻﾞｶﾞﾁｬﾁｹ･金　の間違いのお詫びです
42531704,2,367,1,強襲ﾔｸｻﾞ～富士山ﾔｸｻﾞ篇～　富士山ﾔｸｻﾞｶﾞﾁｬﾁｹ･金　の間違いのお詫びです
10188252,2,367,1,強襲ﾔｸｻﾞ～富士山ﾔｸｻﾞ篇～　富士山ﾔｸｻﾞｶﾞﾁｬﾁｹ･金　の間違いのお詫びです
56992009,2,367,1,強襲ﾔｸｻﾞ～富士山ﾔｸｻﾞ篇～　富士山ﾔｸｻﾞｶﾞﾁｬﾁｹ･金　の間違いのお詫びです
36511667,2,367,1,強襲ﾔｸｻﾞ～富士山ﾔｸｻﾞ篇～　富士山ﾔｸｻﾞｶﾞﾁｬﾁｹ･金　の間違いのお詫びです
8555799,2,367,15,強襲ﾔｸｻﾞ～富士山ﾔｸｻﾞ篇～　富士山ﾔｸｻﾞｶﾞﾁｬﾁｹ･金　の間違いのお詫びです
19976279,2,367,1,強襲ﾔｸｻﾞ～富士山ﾔｸｻﾞ篇～　富士山ﾔｸｻﾞｶﾞﾁｬﾁｹ･金　の間違いのお詫びです
9795196,2,367,1,強襲ﾔｸｻﾞ～富士山ﾔｸｻﾞ篇～　富士山ﾔｸｻﾞｶﾞﾁｬﾁｹ･金　の間違いのお詫びです
26404563,2,367,1,強襲ﾔｸｻﾞ～富士山ﾔｸｻﾞ篇～　富士山ﾔｸｻﾞｶﾞﾁｬﾁｹ･金　の間違いのお詫びです
41587166,2,367,6,強襲ﾔｸｻﾞ～富士山ﾔｸｻﾞ篇～　富士山ﾔｸｻﾞｶﾞﾁｬﾁｹ･金　の間違いのお詫びです
22499170,2,367,1,強襲ﾔｸｻﾞ～富士山ﾔｸｻﾞ篇～　富士山ﾔｸｻﾞｶﾞﾁｬﾁｹ･金　の間違いのお詫びです
10268332,2,367,1,強襲ﾔｸｻﾞ～富士山ﾔｸｻﾞ篇～　富士山ﾔｸｻﾞｶﾞﾁｬﾁｹ･金　の間違いのお詫びです
23122213,2,367,4,強襲ﾔｸｻﾞ～富士山ﾔｸｻﾞ篇～　富士山ﾔｸｻﾞｶﾞﾁｬﾁｹ･金　の間違いのお詫びです
5111047,2,367,1,強襲ﾔｸｻﾞ～富士山ﾔｸｻﾞ篇～　富士山ﾔｸｻﾞｶﾞﾁｬﾁｹ･金　の間違いのお詫びです
28277878,2,367,1,強襲ﾔｸｻﾞ～富士山ﾔｸｻﾞ篇～　富士山ﾔｸｻﾞｶﾞﾁｬﾁｹ･金　の間違いのお詫びです
4263486,2,367,1,強襲ﾔｸｻﾞ～富士山ﾔｸｻﾞ篇～　富士山ﾔｸｻﾞｶﾞﾁｬﾁｹ･金　の間違いのお詫びです
2660579,2,367,1,強襲ﾔｸｻﾞ～富士山ﾔｸｻﾞ篇～　富士山ﾔｸｻﾞｶﾞﾁｬﾁｹ･金　の間違いのお詫びです
476576,2,367,1,強襲ﾔｸｻﾞ～富士山ﾔｸｻﾞ篇～　富士山ﾔｸｻﾞｶﾞﾁｬﾁｹ･金　の間違いのお詫びです
23775124,2,367,2,強襲ﾔｸｻﾞ～富士山ﾔｸｻﾞ篇～　富士山ﾔｸｻﾞｶﾞﾁｬﾁｹ･金　の間違いのお詫びです
25696767,2,367,1,強襲ﾔｸｻﾞ～富士山ﾔｸｻﾞ篇～　富士山ﾔｸｻﾞｶﾞﾁｬﾁｹ･金　の間違いのお詫びです
32922402,2,367,1,強襲ﾔｸｻﾞ～富士山ﾔｸｻﾞ篇～　富士山ﾔｸｻﾞｶﾞﾁｬﾁｹ･金　の間違いのお詫びです
55629172,2,367,2,強襲ﾔｸｻﾞ～富士山ﾔｸｻﾞ篇～　富士山ﾔｸｻﾞｶﾞﾁｬﾁｹ･金　の間違いのお詫びです
26115562,2,367,1,強襲ﾔｸｻﾞ～富士山ﾔｸｻﾞ篇～　富士山ﾔｸｻﾞｶﾞﾁｬﾁｹ･金　の間違いのお詫びです
13062388,2,367,1,強襲ﾔｸｻﾞ～富士山ﾔｸｻﾞ篇～　富士山ﾔｸｻﾞｶﾞﾁｬﾁｹ･金　の間違いのお詫びです
17206993,2,367,1,強襲ﾔｸｻﾞ～富士山ﾔｸｻﾞ篇～　富士山ﾔｸｻﾞｶﾞﾁｬﾁｹ･金　の間違いのお詫びです
21037383,2,367,1,強襲ﾔｸｻﾞ～富士山ﾔｸｻﾞ篇～　富士山ﾔｸｻﾞｶﾞﾁｬﾁｹ･金　の間違いのお詫びです
26369447,2,367,2,強襲ﾔｸｻﾞ～富士山ﾔｸｻﾞ篇～　富士山ﾔｸｻﾞｶﾞﾁｬﾁｹ･金　の間違いのお詫びです
41420370,2,367,3,強襲ﾔｸｻﾞ～富士山ﾔｸｻﾞ篇～　富士山ﾔｸｻﾞｶﾞﾁｬﾁｹ･金　の間違いのお詫びです
11344454,2,367,2,強襲ﾔｸｻﾞ～富士山ﾔｸｻﾞ篇～　富士山ﾔｸｻﾞｶﾞﾁｬﾁｹ･金　の間違いのお詫びです
43014957,2,367,1,強襲ﾔｸｻﾞ～富士山ﾔｸｻﾞ篇～　富士山ﾔｸｻﾞｶﾞﾁｬﾁｹ･金　の間違いのお詫びです
35469842,2,367,1,強襲ﾔｸｻﾞ～富士山ﾔｸｻﾞ篇～　富士山ﾔｸｻﾞｶﾞﾁｬﾁｹ･金　の間違いのお詫びです
14999914,2,367,3,強襲ﾔｸｻﾞ～富士山ﾔｸｻﾞ篇～　富士山ﾔｸｻﾞｶﾞﾁｬﾁｹ･金　の間違いのお詫びです
31849108,2,367,1,強襲ﾔｸｻﾞ～富士山ﾔｸｻﾞ篇～　富士山ﾔｸｻﾞｶﾞﾁｬﾁｹ･金　の間違いのお詫びです
50163309,2,367,2,強襲ﾔｸｻﾞ～富士山ﾔｸｻﾞ篇～　富士山ﾔｸｻﾞｶﾞﾁｬﾁｹ･金　の間違いのお詫びです
48152599,2,367,1,強襲ﾔｸｻﾞ～富士山ﾔｸｻﾞ篇～　富士山ﾔｸｻﾞｶﾞﾁｬﾁｹ･金　の間違いのお詫びです
46079847,2,367,1,強襲ﾔｸｻﾞ～富士山ﾔｸｻﾞ篇～　富士山ﾔｸｻﾞｶﾞﾁｬﾁｹ･金　の間違いのお詫びです
24118823,2,367,2,強襲ﾔｸｻﾞ～富士山ﾔｸｻﾞ篇～　富士山ﾔｸｻﾞｶﾞﾁｬﾁｹ･金　の間違いのお詫びです
26267583,2,367,1,強襲ﾔｸｻﾞ～富士山ﾔｸｻﾞ篇～　富士山ﾔｸｻﾞｶﾞﾁｬﾁｹ･金　の間違いのお詫びです
45322365,2,367,1,強襲ﾔｸｻﾞ～富士山ﾔｸｻﾞ篇～　富士山ﾔｸｻﾞｶﾞﾁｬﾁｹ･金　の間違いのお詫びです
48582383,2,367,3,強襲ﾔｸｻﾞ～富士山ﾔｸｻﾞ篇～　富士山ﾔｸｻﾞｶﾞﾁｬﾁｹ･金　の間違いのお詫びです
24672762,2,367,2,強襲ﾔｸｻﾞ～富士山ﾔｸｻﾞ篇～　富士山ﾔｸｻﾞｶﾞﾁｬﾁｹ･金　の間違いのお詫びです
24052811,2,367,1,強襲ﾔｸｻﾞ～富士山ﾔｸｻﾞ篇～　富士山ﾔｸｻﾞｶﾞﾁｬﾁｹ･金　の間違いのお詫びです
20355290,2,367,3,強襲ﾔｸｻﾞ～富士山ﾔｸｻﾞ篇～　富士山ﾔｸｻﾞｶﾞﾁｬﾁｹ･金　の間違いのお詫びです
51110734,2,367,1,強襲ﾔｸｻﾞ～富士山ﾔｸｻﾞ篇～　富士山ﾔｸｻﾞｶﾞﾁｬﾁｹ･金　の間違いのお詫びです
38320752,2,367,1,強襲ﾔｸｻﾞ～富士山ﾔｸｻﾞ篇～　富士山ﾔｸｻﾞｶﾞﾁｬﾁｹ･金　の間違いのお詫びです
10246997,2,367,3,強襲ﾔｸｻﾞ～富士山ﾔｸｻﾞ篇～　富士山ﾔｸｻﾞｶﾞﾁｬﾁｹ･金　の間違いのお詫びです
29767680,2,367,5,強襲ﾔｸｻﾞ～富士山ﾔｸｻﾞ篇～　富士山ﾔｸｻﾞｶﾞﾁｬﾁｹ･金　の間違いのお詫びです
46542380,2,367,2,強襲ﾔｸｻﾞ～富士山ﾔｸｻﾞ篇～　富士山ﾔｸｻﾞｶﾞﾁｬﾁｹ･金　の間違いのお詫びです
22573213,2,367,3,強襲ﾔｸｻﾞ～富士山ﾔｸｻﾞ篇～　富士山ﾔｸｻﾞｶﾞﾁｬﾁｹ･金　の間違いのお詫びです
39132378,2,367,1,強襲ﾔｸｻﾞ～富士山ﾔｸｻﾞ篇～　富士山ﾔｸｻﾞｶﾞﾁｬﾁｹ･金　の間違いのお詫びです
37026089,2,367,1,強襲ﾔｸｻﾞ～富士山ﾔｸｻﾞ篇～　富士山ﾔｸｻﾞｶﾞﾁｬﾁｹ･金　の間違いのお詫びです
28880110,2,367,1,強襲ﾔｸｻﾞ～富士山ﾔｸｻﾞ篇～　富士山ﾔｸｻﾞｶﾞﾁｬﾁｹ･金　の間違いのお詫びです
27379976,2,367,2,強襲ﾔｸｻﾞ～富士山ﾔｸｻﾞ篇～　富士山ﾔｸｻﾞｶﾞﾁｬﾁｹ･金　の間違いのお詫びです
31677274,2,367,2,強襲ﾔｸｻﾞ～富士山ﾔｸｻﾞ篇～　富士山ﾔｸｻﾞｶﾞﾁｬﾁｹ･金　の間違いのお詫びです
38240040,2,367,3,強襲ﾔｸｻﾞ～富士山ﾔｸｻﾞ篇～　富士山ﾔｸｻﾞｶﾞﾁｬﾁｹ･金　の間違いのお詫びです
17683965,2,367,1,強襲ﾔｸｻﾞ～富士山ﾔｸｻﾞ篇～　富士山ﾔｸｻﾞｶﾞﾁｬﾁｹ･金　の間違いのお詫びです
43600807,2,367,1,強襲ﾔｸｻﾞ～富士山ﾔｸｻﾞ篇～　富士山ﾔｸｻﾞｶﾞﾁｬﾁｹ･金　の間違いのお詫びです
42878688,2,367,1,強襲ﾔｸｻﾞ～富士山ﾔｸｻﾞ篇～　富士山ﾔｸｻﾞｶﾞﾁｬﾁｹ･金　の間違いのお詫びです
45051938,2,367,1,強襲ﾔｸｻﾞ～富士山ﾔｸｻﾞ篇～　富士山ﾔｸｻﾞｶﾞﾁｬﾁｹ･金　の間違いのお詫びです
28410987,2,367,1,強襲ﾔｸｻﾞ～富士山ﾔｸｻﾞ篇～　富士山ﾔｸｻﾞｶﾞﾁｬﾁｹ･金　の間違いのお詫びです
46148762,2,367,2,強襲ﾔｸｻﾞ～富士山ﾔｸｻﾞ篇～　富士山ﾔｸｻﾞｶﾞﾁｬﾁｹ･金　の間違いのお詫びです
47051751,2,367,2,強襲ﾔｸｻﾞ～富士山ﾔｸｻﾞ篇～　富士山ﾔｸｻﾞｶﾞﾁｬﾁｹ･金　の間違いのお詫びです
33961962,2,367,1,強襲ﾔｸｻﾞ～富士山ﾔｸｻﾞ篇～　富士山ﾔｸｻﾞｶﾞﾁｬﾁｹ･金　の間違いのお詫びです
31752065,2,367,1,強襲ﾔｸｻﾞ～富士山ﾔｸｻﾞ篇～　富士山ﾔｸｻﾞｶﾞﾁｬﾁｹ･金　の間違いのお詫びです
14605244,2,367,1,強襲ﾔｸｻﾞ～富士山ﾔｸｻﾞ篇～　富士山ﾔｸｻﾞｶﾞﾁｬﾁｹ･金　の間違いのお詫びです
18243534,2,367,1,強襲ﾔｸｻﾞ～富士山ﾔｸｻﾞ篇～　富士山ﾔｸｻﾞｶﾞﾁｬﾁｹ･金　の間違いのお詫びです
36911383,2,367,1,強襲ﾔｸｻﾞ～富士山ﾔｸｻﾞ篇～　富士山ﾔｸｻﾞｶﾞﾁｬﾁｹ･金　の間違いのお詫びです
56122724,2,367,5,強襲ﾔｸｻﾞ～富士山ﾔｸｻﾞ篇～　富士山ﾔｸｻﾞｶﾞﾁｬﾁｹ･金　の間違いのお詫びです
12150843,2,367,2,強襲ﾔｸｻﾞ～富士山ﾔｸｻﾞ篇～　富士山ﾔｸｻﾞｶﾞﾁｬﾁｹ･金　の間違いのお詫びです
52256104,2,367,1,強襲ﾔｸｻﾞ～富士山ﾔｸｻﾞ篇～　富士山ﾔｸｻﾞｶﾞﾁｬﾁｹ･金　の間違いのお詫びです
58265903,2,367,1,強襲ﾔｸｻﾞ～富士山ﾔｸｻﾞ篇～　富士山ﾔｸｻﾞｶﾞﾁｬﾁｹ･金　の間違いのお詫びです
44883975,2,367,1,強襲ﾔｸｻﾞ～富士山ﾔｸｻﾞ篇～　富士山ﾔｸｻﾞｶﾞﾁｬﾁｹ･金　の間違いのお詫びです
54697767,2,367,1,強襲ﾔｸｻﾞ～富士山ﾔｸｻﾞ篇～　富士山ﾔｸｻﾞｶﾞﾁｬﾁｹ･金　の間違いのお詫びです
2466629,2,367,1,強襲ﾔｸｻﾞ～富士山ﾔｸｻﾞ篇～　富士山ﾔｸｻﾞｶﾞﾁｬﾁｹ･金　の間違いのお詫びです
54150924,2,367,1,強襲ﾔｸｻﾞ～富士山ﾔｸｻﾞ篇～　富士山ﾔｸｻﾞｶﾞﾁｬﾁｹ･金　の間違いのお詫びです
10062731,2,367,1,強襲ﾔｸｻﾞ～富士山ﾔｸｻﾞ篇～　富士山ﾔｸｻﾞｶﾞﾁｬﾁｹ･金　の間違いのお詫びです
23325105,2,367,1,強襲ﾔｸｻﾞ～富士山ﾔｸｻﾞ篇～　富士山ﾔｸｻﾞｶﾞﾁｬﾁｹ･金　の間違いのお詫びです
18884409,2,367,1,強襲ﾔｸｻﾞ～富士山ﾔｸｻﾞ篇～　富士山ﾔｸｻﾞｶﾞﾁｬﾁｹ･金　の間違いのお詫びです
42208509,2,367,2,強襲ﾔｸｻﾞ～富士山ﾔｸｻﾞ篇～　富士山ﾔｸｻﾞｶﾞﾁｬﾁｹ･金　の間違いのお詫びです
49523041,2,367,1,強襲ﾔｸｻﾞ～富士山ﾔｸｻﾞ篇～　富士山ﾔｸｻﾞｶﾞﾁｬﾁｹ･金　の間違いのお詫びです
61439615,2,367,1,強襲ﾔｸｻﾞ～富士山ﾔｸｻﾞ篇～　富士山ﾔｸｻﾞｶﾞﾁｬﾁｹ･金　の間違いのお詫びです
8779716,2,367,1,強襲ﾔｸｻﾞ～富士山ﾔｸｻﾞ篇～　富士山ﾔｸｻﾞｶﾞﾁｬﾁｹ･金　の間違いのお詫びです
13235968,2,367,1,強襲ﾔｸｻﾞ～富士山ﾔｸｻﾞ篇～　富士山ﾔｸｻﾞｶﾞﾁｬﾁｹ･金　の間違いのお詫びです
13869385,2,367,1,強襲ﾔｸｻﾞ～富士山ﾔｸｻﾞ篇～　富士山ﾔｸｻﾞｶﾞﾁｬﾁｹ･金　の間違いのお詫びです
28472227,2,367,1,強襲ﾔｸｻﾞ～富士山ﾔｸｻﾞ篇～　富士山ﾔｸｻﾞｶﾞﾁｬﾁｹ･金　の間違いのお詫びです
23357072,2,367,1,強襲ﾔｸｻﾞ～富士山ﾔｸｻﾞ篇～　富士山ﾔｸｻﾞｶﾞﾁｬﾁｹ･金　の間違いのお詫びです
28948151,2,367,1,強襲ﾔｸｻﾞ～富士山ﾔｸｻﾞ篇～　富士山ﾔｸｻﾞｶﾞﾁｬﾁｹ･金　の間違いのお詫びです
27717450,2,367,1,強襲ﾔｸｻﾞ～富士山ﾔｸｻﾞ篇～　富士山ﾔｸｻﾞｶﾞﾁｬﾁｹ･金　の間違いのお詫びです
38446635,2,367,1,強襲ﾔｸｻﾞ～富士山ﾔｸｻﾞ篇～　富士山ﾔｸｻﾞｶﾞﾁｬﾁｹ･金　の間違いのお詫びです
16355682,2,367,1,強襲ﾔｸｻﾞ～富士山ﾔｸｻﾞ篇～　富士山ﾔｸｻﾞｶﾞﾁｬﾁｹ･金　の間違いのお詫びです
12141028,2,367,3,強襲ﾔｸｻﾞ～富士山ﾔｸｻﾞ篇～　富士山ﾔｸｻﾞｶﾞﾁｬﾁｹ･金　の間違いのお詫びです
50481056,2,367,1,強襲ﾔｸｻﾞ～富士山ﾔｸｻﾞ篇～　富士山ﾔｸｻﾞｶﾞﾁｬﾁｹ･金　の間違いのお詫びです
16961838,2,367,1,強襲ﾔｸｻﾞ～富士山ﾔｸｻﾞ篇～　富士山ﾔｸｻﾞｶﾞﾁｬﾁｹ･金　の間違いのお詫びです
8467097,2,367,2,強襲ﾔｸｻﾞ～富士山ﾔｸｻﾞ篇～　富士山ﾔｸｻﾞｶﾞﾁｬﾁｹ･金　の間違いのお詫びです
27752468,2,367,1,強襲ﾔｸｻﾞ～富士山ﾔｸｻﾞ篇～　富士山ﾔｸｻﾞｶﾞﾁｬﾁｹ･金　の間違いのお詫びです
45025049,2,367,5,強襲ﾔｸｻﾞ～富士山ﾔｸｻﾞ篇～　富士山ﾔｸｻﾞｶﾞﾁｬﾁｹ･金　の間違いのお詫びです
26878755,2,367,2,強襲ﾔｸｻﾞ～富士山ﾔｸｻﾞ篇～　富士山ﾔｸｻﾞｶﾞﾁｬﾁｹ･金　の間違いのお詫びです
27225266,2,367,1,強襲ﾔｸｻﾞ～富士山ﾔｸｻﾞ篇～　富士山ﾔｸｻﾞｶﾞﾁｬﾁｹ･金　の間違いのお詫びです
13812044,2,367,1,強襲ﾔｸｻﾞ～富士山ﾔｸｻﾞ篇～　富士山ﾔｸｻﾞｶﾞﾁｬﾁｹ･金　の間違いのお詫びです
3708897,2,367,1,強襲ﾔｸｻﾞ～富士山ﾔｸｻﾞ篇～　富士山ﾔｸｻﾞｶﾞﾁｬﾁｹ･金　の間違いのお詫びです
29482006,2,367,1,強襲ﾔｸｻﾞ～富士山ﾔｸｻﾞ篇～　富士山ﾔｸｻﾞｶﾞﾁｬﾁｹ･金　の間違いのお詫びです
39443928,2,367,1,強襲ﾔｸｻﾞ～富士山ﾔｸｻﾞ篇～　富士山ﾔｸｻﾞｶﾞﾁｬﾁｹ･金　の間違いのお詫びです
12173044,2,367,1,強襲ﾔｸｻﾞ～富士山ﾔｸｻﾞ篇～　富士山ﾔｸｻﾞｶﾞﾁｬﾁｹ･金　の間違いのお詫びです
45748900,2,367,1,強襲ﾔｸｻﾞ～富士山ﾔｸｻﾞ篇～　富士山ﾔｸｻﾞｶﾞﾁｬﾁｹ･金　の間違いのお詫びです
36661470,2,367,4,強襲ﾔｸｻﾞ～富士山ﾔｸｻﾞ篇～　富士山ﾔｸｻﾞｶﾞﾁｬﾁｹ･金　の間違いのお詫びです
31196414,2,367,1,強襲ﾔｸｻﾞ～富士山ﾔｸｻﾞ篇～　富士山ﾔｸｻﾞｶﾞﾁｬﾁｹ･金　の間違いのお詫びです
44901577,2,367,1,強襲ﾔｸｻﾞ～富士山ﾔｸｻﾞ篇～　富士山ﾔｸｻﾞｶﾞﾁｬﾁｹ･金　の間違いのお詫びです
2477146,2,367,1,強襲ﾔｸｻﾞ～富士山ﾔｸｻﾞ篇～　富士山ﾔｸｻﾞｶﾞﾁｬﾁｹ･金　の間違いのお詫びです
23335033,2,367,1,強襲ﾔｸｻﾞ～富士山ﾔｸｻﾞ篇～　富士山ﾔｸｻﾞｶﾞﾁｬﾁｹ･金　の間違いのお詫びです
586325,2,367,2,強襲ﾔｸｻﾞ～富士山ﾔｸｻﾞ篇～　富士山ﾔｸｻﾞｶﾞﾁｬﾁｹ･金　の間違いのお詫びです
49158758,2,367,1,強襲ﾔｸｻﾞ～富士山ﾔｸｻﾞ篇～　富士山ﾔｸｻﾞｶﾞﾁｬﾁｹ･金　の間違いのお詫びです
7961472,2,367,2,強襲ﾔｸｻﾞ～富士山ﾔｸｻﾞ篇～　富士山ﾔｸｻﾞｶﾞﾁｬﾁｹ･金　の間違いのお詫びです
23934091,2,367,1,強襲ﾔｸｻﾞ～富士山ﾔｸｻﾞ篇～　富士山ﾔｸｻﾞｶﾞﾁｬﾁｹ･金　の間違いのお詫びです
32151054,2,367,4,強襲ﾔｸｻﾞ～富士山ﾔｸｻﾞ篇～　富士山ﾔｸｻﾞｶﾞﾁｬﾁｹ･金　の間違いのお詫びです
690306548,2,367,1,強襲ﾔｸｻﾞ～富士山ﾔｸｻﾞ篇～　富士山ﾔｸｻﾞｶﾞﾁｬﾁｹ･金　の間違いのお詫びです
58715051,2,367,1,強襲ﾔｸｻﾞ～富士山ﾔｸｻﾞ篇～　富士山ﾔｸｻﾞｶﾞﾁｬﾁｹ･金　の間違いのお詫びです
8622370,2,367,1,強襲ﾔｸｻﾞ～富士山ﾔｸｻﾞ篇～　富士山ﾔｸｻﾞｶﾞﾁｬﾁｹ･金　の間違いのお詫びです
49975226,2,367,1,強襲ﾔｸｻﾞ～富士山ﾔｸｻﾞ篇～　富士山ﾔｸｻﾞｶﾞﾁｬﾁｹ･金　の間違いのお詫びです
49076561,2,367,1,強襲ﾔｸｻﾞ～富士山ﾔｸｻﾞ篇～　富士山ﾔｸｻﾞｶﾞﾁｬﾁｹ･金　の間違いのお詫びです
42523074,2,367,1,強襲ﾔｸｻﾞ～富士山ﾔｸｻﾞ篇～　富士山ﾔｸｻﾞｶﾞﾁｬﾁｹ･金　の間違いのお詫びです
53769008,2,367,1,強襲ﾔｸｻﾞ～富士山ﾔｸｻﾞ篇～　富士山ﾔｸｻﾞｶﾞﾁｬﾁｹ･金　の間違いのお詫びです
47851861,2,367,1,強襲ﾔｸｻﾞ～富士山ﾔｸｻﾞ篇～　富士山ﾔｸｻﾞｶﾞﾁｬﾁｹ･金　の間違いのお詫びです
1419909,2,367,1,強襲ﾔｸｻﾞ～富士山ﾔｸｻﾞ篇～　富士山ﾔｸｻﾞｶﾞﾁｬﾁｹ･金　の間違いのお詫びです
6098490,2,367,1,強襲ﾔｸｻﾞ～富士山ﾔｸｻﾞ篇～　富士山ﾔｸｻﾞｶﾞﾁｬﾁｹ･金　の間違いのお詫びです
49488563,2,367,1,強襲ﾔｸｻﾞ～富士山ﾔｸｻﾞ篇～　富士山ﾔｸｻﾞｶﾞﾁｬﾁｹ･金　の間違いのお詫びです
43772562,2,367,1,強襲ﾔｸｻﾞ～富士山ﾔｸｻﾞ篇～　富士山ﾔｸｻﾞｶﾞﾁｬﾁｹ･金　の間違いのお詫びです
44559445,2,367,1,強襲ﾔｸｻﾞ～富士山ﾔｸｻﾞ篇～　富士山ﾔｸｻﾞｶﾞﾁｬﾁｹ･金　の間違いのお詫びです
27133859,2,367,1,強襲ﾔｸｻﾞ～富士山ﾔｸｻﾞ篇～　富士山ﾔｸｻﾞｶﾞﾁｬﾁｹ･金　の間違いのお詫びです
46100842,2,367,1,強襲ﾔｸｻﾞ～富士山ﾔｸｻﾞ篇～　富士山ﾔｸｻﾞｶﾞﾁｬﾁｹ･金　の間違いのお詫びです
22463418,2,367,1,強襲ﾔｸｻﾞ～富士山ﾔｸｻﾞ篇～　富士山ﾔｸｻﾞｶﾞﾁｬﾁｹ･金　の間違いのお詫びです
14574077,2,367,1,強襲ﾔｸｻﾞ～富士山ﾔｸｻﾞ篇～　富士山ﾔｸｻﾞｶﾞﾁｬﾁｹ･金　の間違いのお詫びです
54515448,2,367,2,強襲ﾔｸｻﾞ～富士山ﾔｸｻﾞ篇～　富士山ﾔｸｻﾞｶﾞﾁｬﾁｹ･金　の間違いのお詫びです
35029873,2,367,2,強襲ﾔｸｻﾞ～富士山ﾔｸｻﾞ篇～　富士山ﾔｸｻﾞｶﾞﾁｬﾁｹ･金　の間違いのお詫びです
43655267,2,367,1,強襲ﾔｸｻﾞ～富士山ﾔｸｻﾞ篇～　富士山ﾔｸｻﾞｶﾞﾁｬﾁｹ･金　の間違いのお詫びです
21169313,2,367,1,強襲ﾔｸｻﾞ～富士山ﾔｸｻﾞ篇～　富士山ﾔｸｻﾞｶﾞﾁｬﾁｹ･金　の間違いのお詫びです
58276477,2,367,1,強襲ﾔｸｻﾞ～富士山ﾔｸｻﾞ篇～　富士山ﾔｸｻﾞｶﾞﾁｬﾁｹ･金　の間違いのお詫びです
53941319,2,367,1,強襲ﾔｸｻﾞ～富士山ﾔｸｻﾞ篇～　富士山ﾔｸｻﾞｶﾞﾁｬﾁｹ･金　の間違いのお詫びです
36471268,2,367,1,強襲ﾔｸｻﾞ～富士山ﾔｸｻﾞ篇～　富士山ﾔｸｻﾞｶﾞﾁｬﾁｹ･金　の間違いのお詫びです
13996538,2,367,1,強襲ﾔｸｻﾞ～富士山ﾔｸｻﾞ篇～　富士山ﾔｸｻﾞｶﾞﾁｬﾁｹ･金　の間違いのお詫びです
19156293,2,367,1,強襲ﾔｸｻﾞ～富士山ﾔｸｻﾞ篇～　富士山ﾔｸｻﾞｶﾞﾁｬﾁｹ･金　の間違いのお詫びです
43202627,2,367,1,強襲ﾔｸｻﾞ～富士山ﾔｸｻﾞ篇～　富士山ﾔｸｻﾞｶﾞﾁｬﾁｹ･金　の間違いのお詫びです
9609328,2,367,1,強襲ﾔｸｻﾞ～富士山ﾔｸｻﾞ篇～　富士山ﾔｸｻﾞｶﾞﾁｬﾁｹ･金　の間違いのお詫びです
47791731,2,367,1,強襲ﾔｸｻﾞ～富士山ﾔｸｻﾞ篇～　富士山ﾔｸｻﾞｶﾞﾁｬﾁｹ･金　の間違いのお詫びです
9275274,2,367,3,強襲ﾔｸｻﾞ～富士山ﾔｸｻﾞ篇～　富士山ﾔｸｻﾞｶﾞﾁｬﾁｹ･金　の間違いのお詫びです
48843798,2,367,13,強襲ﾔｸｻﾞ～富士山ﾔｸｻﾞ篇～　富士山ﾔｸｻﾞｶﾞﾁｬﾁｹ･金　の間違いのお詫びです
38737578,2,367,2,強襲ﾔｸｻﾞ～富士山ﾔｸｻﾞ篇～　富士山ﾔｸｻﾞｶﾞﾁｬﾁｹ･金　の間違いのお詫びです
50409847,2,367,1,強襲ﾔｸｻﾞ～富士山ﾔｸｻﾞ篇～　富士山ﾔｸｻﾞｶﾞﾁｬﾁｹ･金　の間違いのお詫びです
46135478,2,367,1,強襲ﾔｸｻﾞ～富士山ﾔｸｻﾞ篇～　富士山ﾔｸｻﾞｶﾞﾁｬﾁｹ･金　の間違いのお詫びです
12716157,2,367,1,強襲ﾔｸｻﾞ～富士山ﾔｸｻﾞ篇～　富士山ﾔｸｻﾞｶﾞﾁｬﾁｹ･金　の間違いのお詫びです
34826728,2,367,2,強襲ﾔｸｻﾞ～富士山ﾔｸｻﾞ篇～　富士山ﾔｸｻﾞｶﾞﾁｬﾁｹ･金　の間違いのお詫びです
27056613,2,367,2,強襲ﾔｸｻﾞ～富士山ﾔｸｻﾞ篇～　富士山ﾔｸｻﾞｶﾞﾁｬﾁｹ･金　の間違いのお詫びです
28757044,2,367,1,強襲ﾔｸｻﾞ～富士山ﾔｸｻﾞ篇～　富士山ﾔｸｻﾞｶﾞﾁｬﾁｹ･金　の間違いのお詫びです
20872744,2,367,1,強襲ﾔｸｻﾞ～富士山ﾔｸｻﾞ篇～　富士山ﾔｸｻﾞｶﾞﾁｬﾁｹ･金　の間違いのお詫びです
12952332,2,367,1,強襲ﾔｸｻﾞ～富士山ﾔｸｻﾞ篇～　富士山ﾔｸｻﾞｶﾞﾁｬﾁｹ･金　の間違いのお詫びです
26253850,2,367,1,強襲ﾔｸｻﾞ～富士山ﾔｸｻﾞ篇～　富士山ﾔｸｻﾞｶﾞﾁｬﾁｹ･金　の間違いのお詫びです
57469751,2,367,2,強襲ﾔｸｻﾞ～富士山ﾔｸｻﾞ篇～　富士山ﾔｸｻﾞｶﾞﾁｬﾁｹ･金　の間違いのお詫びです
21193285,2,367,1,強襲ﾔｸｻﾞ～富士山ﾔｸｻﾞ篇～　富士山ﾔｸｻﾞｶﾞﾁｬﾁｹ･金　の間違いのお詫びです
15928982,2,367,2,強襲ﾔｸｻﾞ～富士山ﾔｸｻﾞ篇～　富士山ﾔｸｻﾞｶﾞﾁｬﾁｹ･金　の間違いのお詫びです
20417292,2,367,1,強襲ﾔｸｻﾞ～富士山ﾔｸｻﾞ篇～　富士山ﾔｸｻﾞｶﾞﾁｬﾁｹ･金　の間違いのお詫びです
35204319,2,367,1,強襲ﾔｸｻﾞ～富士山ﾔｸｻﾞ篇～　富士山ﾔｸｻﾞｶﾞﾁｬﾁｹ･金　の間違いのお詫びです
24073075,2,367,1,強襲ﾔｸｻﾞ～富士山ﾔｸｻﾞ篇～　富士山ﾔｸｻﾞｶﾞﾁｬﾁｹ･金　の間違いのお詫びです
39985752,2,367,1,強襲ﾔｸｻﾞ～富士山ﾔｸｻﾞ篇～　富士山ﾔｸｻﾞｶﾞﾁｬﾁｹ･金　の間違いのお詫びです
12208396,2,367,1,強襲ﾔｸｻﾞ～富士山ﾔｸｻﾞ篇～　富士山ﾔｸｻﾞｶﾞﾁｬﾁｹ･金　の間違いのお詫びです
40628123,2,367,1,強襲ﾔｸｻﾞ～富士山ﾔｸｻﾞ篇～　富士山ﾔｸｻﾞｶﾞﾁｬﾁｹ･金　の間違いのお詫びです
40443155,2,367,1,強襲ﾔｸｻﾞ～富士山ﾔｸｻﾞ篇～　富士山ﾔｸｻﾞｶﾞﾁｬﾁｹ･金　の間違いのお詫びです
9044073,2,367,1,強襲ﾔｸｻﾞ～富士山ﾔｸｻﾞ篇～　富士山ﾔｸｻﾞｶﾞﾁｬﾁｹ･金　の間違いのお詫びです
42234509,2,367,1,強襲ﾔｸｻﾞ～富士山ﾔｸｻﾞ篇～　富士山ﾔｸｻﾞｶﾞﾁｬﾁｹ･金　の間違いのお詫びです
1009583,2,367,1,強襲ﾔｸｻﾞ～富士山ﾔｸｻﾞ篇～　富士山ﾔｸｻﾞｶﾞﾁｬﾁｹ･金　の間違いのお詫びです
36873934,2,367,1,強襲ﾔｸｻﾞ～富士山ﾔｸｻﾞ篇～　富士山ﾔｸｻﾞｶﾞﾁｬﾁｹ･金　の間違いのお詫びです
9836540,2,367,1,強襲ﾔｸｻﾞ～富士山ﾔｸｻﾞ篇～　富士山ﾔｸｻﾞｶﾞﾁｬﾁｹ･金　の間違いのお詫びです
14552531,2,367,1,強襲ﾔｸｻﾞ～富士山ﾔｸｻﾞ篇～　富士山ﾔｸｻﾞｶﾞﾁｬﾁｹ･金　の間違いのお詫びです
26066524,2,367,1,強襲ﾔｸｻﾞ～富士山ﾔｸｻﾞ篇～　富士山ﾔｸｻﾞｶﾞﾁｬﾁｹ･金　の間違いのお詫びです
19383507,2,367,1,強襲ﾔｸｻﾞ～富士山ﾔｸｻﾞ篇～　富士山ﾔｸｻﾞｶﾞﾁｬﾁｹ･金　の間違いのお詫びです
31044900,2,367,1,強襲ﾔｸｻﾞ～富士山ﾔｸｻﾞ篇～　富士山ﾔｸｻﾞｶﾞﾁｬﾁｹ･金　の間違いのお詫びです
22641888,2,367,1,強襲ﾔｸｻﾞ～富士山ﾔｸｻﾞ篇～　富士山ﾔｸｻﾞｶﾞﾁｬﾁｹ･金　の間違いのお詫びです
27188397,2,367,1,強襲ﾔｸｻﾞ～富士山ﾔｸｻﾞ篇～　富士山ﾔｸｻﾞｶﾞﾁｬﾁｹ･金　の間違いのお詫びです
32815671,2,367,3,強襲ﾔｸｻﾞ～富士山ﾔｸｻﾞ篇～　富士山ﾔｸｻﾞｶﾞﾁｬﾁｹ･金　の間違いのお詫びです
10794895,2,367,1,強襲ﾔｸｻﾞ～富士山ﾔｸｻﾞ篇～　富士山ﾔｸｻﾞｶﾞﾁｬﾁｹ･金　の間違いのお詫びです
14668273,2,367,1,強襲ﾔｸｻﾞ～富士山ﾔｸｻﾞ篇～　富士山ﾔｸｻﾞｶﾞﾁｬﾁｹ･金　の間違いのお詫びです
25389427,2,367,1,強襲ﾔｸｻﾞ～富士山ﾔｸｻﾞ篇～　富士山ﾔｸｻﾞｶﾞﾁｬﾁｹ･金　の間違いのお詫びです
30139506,2,367,1,強襲ﾔｸｻﾞ～富士山ﾔｸｻﾞ篇～　富士山ﾔｸｻﾞｶﾞﾁｬﾁｹ･金　の間違いのお詫びです
14747686,2,367,2,強襲ﾔｸｻﾞ～富士山ﾔｸｻﾞ篇～　富士山ﾔｸｻﾞｶﾞﾁｬﾁｹ･金　の間違いのお詫びです
46405265,2,367,1,強襲ﾔｸｻﾞ～富士山ﾔｸｻﾞ篇～　富士山ﾔｸｻﾞｶﾞﾁｬﾁｹ･金　の間違いのお詫びです
43277976,2,367,1,強襲ﾔｸｻﾞ～富士山ﾔｸｻﾞ篇～　富士山ﾔｸｻﾞｶﾞﾁｬﾁｹ･金　の間違いのお詫びです
58297781,2,367,1,強襲ﾔｸｻﾞ～富士山ﾔｸｻﾞ篇～　富士山ﾔｸｻﾞｶﾞﾁｬﾁｹ･金　の間違いのお詫びです
41876062,2,367,1,強襲ﾔｸｻﾞ～富士山ﾔｸｻﾞ篇～　富士山ﾔｸｻﾞｶﾞﾁｬﾁｹ･金　の間違いのお詫びです
60867878,2,367,2,強襲ﾔｸｻﾞ～富士山ﾔｸｻﾞ篇～　富士山ﾔｸｻﾞｶﾞﾁｬﾁｹ･金　の間違いのお詫びです
19366716,2,367,1,強襲ﾔｸｻﾞ～富士山ﾔｸｻﾞ篇～　富士山ﾔｸｻﾞｶﾞﾁｬﾁｹ･金　の間違いのお詫びです
21214111,2,367,2,強襲ﾔｸｻﾞ～富士山ﾔｸｻﾞ篇～　富士山ﾔｸｻﾞｶﾞﾁｬﾁｹ･金　の間違いのお詫びです
40414034,2,367,1,強襲ﾔｸｻﾞ～富士山ﾔｸｻﾞ篇～　富士山ﾔｸｻﾞｶﾞﾁｬﾁｹ･金　の間違いのお詫びです
41959106,2,367,1,強襲ﾔｸｻﾞ～富士山ﾔｸｻﾞ篇～　富士山ﾔｸｻﾞｶﾞﾁｬﾁｹ･金　の間違いのお詫びです
26003758,2,367,2,強襲ﾔｸｻﾞ～富士山ﾔｸｻﾞ篇～　富士山ﾔｸｻﾞｶﾞﾁｬﾁｹ･金　の間違いのお詫びです
30829753,2,367,1,強襲ﾔｸｻﾞ～富士山ﾔｸｻﾞ篇～　富士山ﾔｸｻﾞｶﾞﾁｬﾁｹ･金　の間違いのお詫びです
28311746,2,367,1,強襲ﾔｸｻﾞ～富士山ﾔｸｻﾞ篇～　富士山ﾔｸｻﾞｶﾞﾁｬﾁｹ･金　の間違いのお詫びです
35954868,2,367,1,強襲ﾔｸｻﾞ～富士山ﾔｸｻﾞ篇～　富士山ﾔｸｻﾞｶﾞﾁｬﾁｹ･金　の間違いのお詫びです
36279673,2,367,1,強襲ﾔｸｻﾞ～富士山ﾔｸｻﾞ篇～　富士山ﾔｸｻﾞｶﾞﾁｬﾁｹ･金　の間違いのお詫びです
43623158,2,367,1,強襲ﾔｸｻﾞ～富士山ﾔｸｻﾞ篇～　富士山ﾔｸｻﾞｶﾞﾁｬﾁｹ･金　の間違いのお詫びです
26637761,2,367,3,強襲ﾔｸｻﾞ～富士山ﾔｸｻﾞ篇～　富士山ﾔｸｻﾞｶﾞﾁｬﾁｹ･金　の間違いのお詫びです
31228144,2,367,1,強襲ﾔｸｻﾞ～富士山ﾔｸｻﾞ篇～　富士山ﾔｸｻﾞｶﾞﾁｬﾁｹ･金　の間違いのお詫びです
5137084,2,367,1,強襲ﾔｸｻﾞ～富士山ﾔｸｻﾞ篇～　富士山ﾔｸｻﾞｶﾞﾁｬﾁｹ･金　の間違いのお詫びです
17465621,2,367,2,強襲ﾔｸｻﾞ～富士山ﾔｸｻﾞ篇～　富士山ﾔｸｻﾞｶﾞﾁｬﾁｹ･金　の間違いのお詫びです
55295204,2,367,1,強襲ﾔｸｻﾞ～富士山ﾔｸｻﾞ篇～　富士山ﾔｸｻﾞｶﾞﾁｬﾁｹ･金　の間違いのお詫びです
13194699,2,367,1,強襲ﾔｸｻﾞ～富士山ﾔｸｻﾞ篇～　富士山ﾔｸｻﾞｶﾞﾁｬﾁｹ･金　の間違いのお詫びです
46249359,2,367,1,強襲ﾔｸｻﾞ～富士山ﾔｸｻﾞ篇～　富士山ﾔｸｻﾞｶﾞﾁｬﾁｹ･金　の間違いのお詫びです
12442282,2,367,1,強襲ﾔｸｻﾞ～富士山ﾔｸｻﾞ篇～　富士山ﾔｸｻﾞｶﾞﾁｬﾁｹ･金　の間違いのお詫びです
37591103,2,367,1,強襲ﾔｸｻﾞ～富士山ﾔｸｻﾞ篇～　富士山ﾔｸｻﾞｶﾞﾁｬﾁｹ･金　の間違いのお詫びです
14269283,2,367,3,強襲ﾔｸｻﾞ～富士山ﾔｸｻﾞ篇～　富士山ﾔｸｻﾞｶﾞﾁｬﾁｹ･金　の間違いのお詫びです
45985957,2,367,2,強襲ﾔｸｻﾞ～富士山ﾔｸｻﾞ篇～　富士山ﾔｸｻﾞｶﾞﾁｬﾁｹ･金　の間違いのお詫びです
47936471,2,367,1,強襲ﾔｸｻﾞ～富士山ﾔｸｻﾞ篇～　富士山ﾔｸｻﾞｶﾞﾁｬﾁｹ･金　の間違いのお詫びです
43002418,2,367,3,強襲ﾔｸｻﾞ～富士山ﾔｸｻﾞ篇～　富士山ﾔｸｻﾞｶﾞﾁｬﾁｹ･金　の間違いのお詫びです
39756939,2,367,1,強襲ﾔｸｻﾞ～富士山ﾔｸｻﾞ篇～　富士山ﾔｸｻﾞｶﾞﾁｬﾁｹ･金　の間違いのお詫びです
45614518,2,367,1,強襲ﾔｸｻﾞ～富士山ﾔｸｻﾞ篇～　富士山ﾔｸｻﾞｶﾞﾁｬﾁｹ･金　の間違いのお詫びです
31226264,2,367,2,強襲ﾔｸｻﾞ～富士山ﾔｸｻﾞ篇～　富士山ﾔｸｻﾞｶﾞﾁｬﾁｹ･金　の間違いのお詫びです
12660796,2,367,5,強襲ﾔｸｻﾞ～富士山ﾔｸｻﾞ篇～　富士山ﾔｸｻﾞｶﾞﾁｬﾁｹ･金　の間違いのお詫びです
20764480,2,367,1,強襲ﾔｸｻﾞ～富士山ﾔｸｻﾞ篇～　富士山ﾔｸｻﾞｶﾞﾁｬﾁｹ･金　の間違いのお詫びです
6783818,2,367,1,強襲ﾔｸｻﾞ～富士山ﾔｸｻﾞ篇～　富士山ﾔｸｻﾞｶﾞﾁｬﾁｹ･金　の間違いのお詫びです
24458652,2,367,1,強襲ﾔｸｻﾞ～富士山ﾔｸｻﾞ篇～　富士山ﾔｸｻﾞｶﾞﾁｬﾁｹ･金　の間違いのお詫びです
44650200,2,367,1,強襲ﾔｸｻﾞ～富士山ﾔｸｻﾞ篇～　富士山ﾔｸｻﾞｶﾞﾁｬﾁｹ･金　の間違いのお詫びです
11602071,2,367,4,強襲ﾔｸｻﾞ～富士山ﾔｸｻﾞ篇～　富士山ﾔｸｻﾞｶﾞﾁｬﾁｹ･金　の間違いのお詫びです
37978248,2,367,1,強襲ﾔｸｻﾞ～富士山ﾔｸｻﾞ篇～　富士山ﾔｸｻﾞｶﾞﾁｬﾁｹ･金　の間違いのお詫びです
6725370,2,367,3,強襲ﾔｸｻﾞ～富士山ﾔｸｻﾞ篇～　富士山ﾔｸｻﾞｶﾞﾁｬﾁｹ･金　の間違いのお詫びです
59168584,2,367,8,強襲ﾔｸｻﾞ～富士山ﾔｸｻﾞ篇～　富士山ﾔｸｻﾞｶﾞﾁｬﾁｹ･金　の間違いのお詫びです
25939708,2,367,3,強襲ﾔｸｻﾞ～富士山ﾔｸｻﾞ篇～　富士山ﾔｸｻﾞｶﾞﾁｬﾁｹ･金　の間違いのお詫びです
34611602,2,367,3,強襲ﾔｸｻﾞ～富士山ﾔｸｻﾞ篇～　富士山ﾔｸｻﾞｶﾞﾁｬﾁｹ･金　の間違いのお詫びです
59254488,2,367,1,強襲ﾔｸｻﾞ～富士山ﾔｸｻﾞ篇～　富士山ﾔｸｻﾞｶﾞﾁｬﾁｹ･金　の間違いのお詫びです
59126731,2,367,1,強襲ﾔｸｻﾞ～富士山ﾔｸｻﾞ篇～　富士山ﾔｸｻﾞｶﾞﾁｬﾁｹ･金　の間違いのお詫びです
41896158,2,367,1,強襲ﾔｸｻﾞ～富士山ﾔｸｻﾞ篇～　富士山ﾔｸｻﾞｶﾞﾁｬﾁｹ･金　の間違いのお詫びです
27320819,2,367,1,強襲ﾔｸｻﾞ～富士山ﾔｸｻﾞ篇～　富士山ﾔｸｻﾞｶﾞﾁｬﾁｹ･金　の間違いのお詫びです
3356614,2,367,1,強襲ﾔｸｻﾞ～富士山ﾔｸｻﾞ篇～　富士山ﾔｸｻﾞｶﾞﾁｬﾁｹ･金　の間違いのお詫びです
38150155,2,367,1,強襲ﾔｸｻﾞ～富士山ﾔｸｻﾞ篇～　富士山ﾔｸｻﾞｶﾞﾁｬﾁｹ･金　の間違いのお詫びです
12786875,2,367,1,強襲ﾔｸｻﾞ～富士山ﾔｸｻﾞ篇～　富士山ﾔｸｻﾞｶﾞﾁｬﾁｹ･金　の間違いのお詫びです
59955477,2,367,6,強襲ﾔｸｻﾞ～富士山ﾔｸｻﾞ篇～　富士山ﾔｸｻﾞｶﾞﾁｬﾁｹ･金　の間違いのお詫びです
19854153,2,367,2,強襲ﾔｸｻﾞ～富士山ﾔｸｻﾞ篇～　富士山ﾔｸｻﾞｶﾞﾁｬﾁｹ･金　の間違いのお詫びです
54406543,2,367,1,強襲ﾔｸｻﾞ～富士山ﾔｸｻﾞ篇～　富士山ﾔｸｻﾞｶﾞﾁｬﾁｹ･金　の間違いのお詫びです
33833521,2,367,3,強襲ﾔｸｻﾞ～富士山ﾔｸｻﾞ篇～　富士山ﾔｸｻﾞｶﾞﾁｬﾁｹ･金　の間違いのお詫びです
60312239,2,367,3,強襲ﾔｸｻﾞ～富士山ﾔｸｻﾞ篇～　富士山ﾔｸｻﾞｶﾞﾁｬﾁｹ･金　の間違いのお詫びです
59969606,2,367,2,強襲ﾔｸｻﾞ～富士山ﾔｸｻﾞ篇～　富士山ﾔｸｻﾞｶﾞﾁｬﾁｹ･金　の間違いのお詫びです
43417653,2,367,1,強襲ﾔｸｻﾞ～富士山ﾔｸｻﾞ篇～　富士山ﾔｸｻﾞｶﾞﾁｬﾁｹ･金　の間違いのお詫びです
30120386,2,367,1,強襲ﾔｸｻﾞ～富士山ﾔｸｻﾞ篇～　富士山ﾔｸｻﾞｶﾞﾁｬﾁｹ･金　の間違いのお詫びです
21048669,2,367,2,強襲ﾔｸｻﾞ～富士山ﾔｸｻﾞ篇～　富士山ﾔｸｻﾞｶﾞﾁｬﾁｹ･金　の間違いのお詫びです
30642760,2,367,2,強襲ﾔｸｻﾞ～富士山ﾔｸｻﾞ篇～　富士山ﾔｸｻﾞｶﾞﾁｬﾁｹ･金　の間違いのお詫びです
24549353,2,367,1,強襲ﾔｸｻﾞ～富士山ﾔｸｻﾞ篇～　富士山ﾔｸｻﾞｶﾞﾁｬﾁｹ･金　の間違いのお詫びです
11637411,2,367,1,強襲ﾔｸｻﾞ～富士山ﾔｸｻﾞ篇～　富士山ﾔｸｻﾞｶﾞﾁｬﾁｹ･金　の間違いのお詫びです
16884179,2,367,1,強襲ﾔｸｻﾞ～富士山ﾔｸｻﾞ篇～　富士山ﾔｸｻﾞｶﾞﾁｬﾁｹ･金　の間違いのお詫びです
31343158,2,367,5,強襲ﾔｸｻﾞ～富士山ﾔｸｻﾞ篇～　富士山ﾔｸｻﾞｶﾞﾁｬﾁｹ･金　の間違いのお詫びです
45661572,2,367,1,強襲ﾔｸｻﾞ～富士山ﾔｸｻﾞ篇～　富士山ﾔｸｻﾞｶﾞﾁｬﾁｹ･金　の間違いのお詫びです
48317210,2,367,3,強襲ﾔｸｻﾞ～富士山ﾔｸｻﾞ篇～　富士山ﾔｸｻﾞｶﾞﾁｬﾁｹ･金　の間違いのお詫びです
19698196,2,367,2,強襲ﾔｸｻﾞ～富士山ﾔｸｻﾞ篇～　富士山ﾔｸｻﾞｶﾞﾁｬﾁｹ･金　の間違いのお詫びです
21720033,2,367,1,強襲ﾔｸｻﾞ～富士山ﾔｸｻﾞ篇～　富士山ﾔｸｻﾞｶﾞﾁｬﾁｹ･金　の間違いのお詫びです
35016366,2,367,1,強襲ﾔｸｻﾞ～富士山ﾔｸｻﾞ篇～　富士山ﾔｸｻﾞｶﾞﾁｬﾁｹ･金　の間違いのお詫びです
30703266,2,367,2,強襲ﾔｸｻﾞ～富士山ﾔｸｻﾞ篇～　富士山ﾔｸｻﾞｶﾞﾁｬﾁｹ･金　の間違いのお詫びです
14123951,2,367,1,強襲ﾔｸｻﾞ～富士山ﾔｸｻﾞ篇～　富士山ﾔｸｻﾞｶﾞﾁｬﾁｹ･金　の間違いのお詫びです
10485177,2,367,1,強襲ﾔｸｻﾞ～富士山ﾔｸｻﾞ篇～　富士山ﾔｸｻﾞｶﾞﾁｬﾁｹ･金　の間違いのお詫びです
1544718,2,367,2,強襲ﾔｸｻﾞ～富士山ﾔｸｻﾞ篇～　富士山ﾔｸｻﾞｶﾞﾁｬﾁｹ･金　の間違いのお詫びです
45237339,2,367,1,強襲ﾔｸｻﾞ～富士山ﾔｸｻﾞ篇～　富士山ﾔｸｻﾞｶﾞﾁｬﾁｹ･金　の間違いのお詫びです
26145804,2,367,1,強襲ﾔｸｻﾞ～富士山ﾔｸｻﾞ篇～　富士山ﾔｸｻﾞｶﾞﾁｬﾁｹ･金　の間違いのお詫びです
16910852,2,367,1,強襲ﾔｸｻﾞ～富士山ﾔｸｻﾞ篇～　富士山ﾔｸｻﾞｶﾞﾁｬﾁｹ･金　の間違いのお詫びです
57079466,2,367,1,強襲ﾔｸｻﾞ～富士山ﾔｸｻﾞ篇～　富士山ﾔｸｻﾞｶﾞﾁｬﾁｹ･金　の間違いのお詫びです
14894250,2,367,1,強襲ﾔｸｻﾞ～富士山ﾔｸｻﾞ篇～　富士山ﾔｸｻﾞｶﾞﾁｬﾁｹ･金　の間違いのお詫びです
4842938,2,367,1,強襲ﾔｸｻﾞ～富士山ﾔｸｻﾞ篇～　富士山ﾔｸｻﾞｶﾞﾁｬﾁｹ･金　の間違いのお詫びです
26801339,2,367,1,強襲ﾔｸｻﾞ～富士山ﾔｸｻﾞ篇～　富士山ﾔｸｻﾞｶﾞﾁｬﾁｹ･金　の間違いのお詫びです
11172974,2,367,1,強襲ﾔｸｻﾞ～富士山ﾔｸｻﾞ篇～　富士山ﾔｸｻﾞｶﾞﾁｬﾁｹ･金　の間違いのお詫びです
35791204,2,367,1,強襲ﾔｸｻﾞ～富士山ﾔｸｻﾞ篇～　富士山ﾔｸｻﾞｶﾞﾁｬﾁｹ･金　の間違いのお詫びです
7527995,2,367,1,強襲ﾔｸｻﾞ～富士山ﾔｸｻﾞ篇～　富士山ﾔｸｻﾞｶﾞﾁｬﾁｹ･金　の間違いのお詫びです
13372251,2,367,2,強襲ﾔｸｻﾞ～富士山ﾔｸｻﾞ篇～　富士山ﾔｸｻﾞｶﾞﾁｬﾁｹ･金　の間違いのお詫びです
337996,2,367,1,強襲ﾔｸｻﾞ～富士山ﾔｸｻﾞ篇～　富士山ﾔｸｻﾞｶﾞﾁｬﾁｹ･金　の間違いのお詫びです
13960626,2,367,2,強襲ﾔｸｻﾞ～富士山ﾔｸｻﾞ篇～　富士山ﾔｸｻﾞｶﾞﾁｬﾁｹ･金　の間違いのお詫びです
37079759,2,367,1,強襲ﾔｸｻﾞ～富士山ﾔｸｻﾞ篇～　富士山ﾔｸｻﾞｶﾞﾁｬﾁｹ･金　の間違いのお詫びです
52527884,2,367,1,強襲ﾔｸｻﾞ～富士山ﾔｸｻﾞ篇～　富士山ﾔｸｻﾞｶﾞﾁｬﾁｹ･金　の間違いのお詫びです
58647514,2,367,1,強襲ﾔｸｻﾞ～富士山ﾔｸｻﾞ篇～　富士山ﾔｸｻﾞｶﾞﾁｬﾁｹ･金　の間違いのお詫びです
45183363,2,367,1,強襲ﾔｸｻﾞ～富士山ﾔｸｻﾞ篇～　富士山ﾔｸｻﾞｶﾞﾁｬﾁｹ･金　の間違いのお詫びです
6631313,2,367,1,強襲ﾔｸｻﾞ～富士山ﾔｸｻﾞ篇～　富士山ﾔｸｻﾞｶﾞﾁｬﾁｹ･金　の間違いのお詫びです
13530764,2,367,2,強襲ﾔｸｻﾞ～富士山ﾔｸｻﾞ篇～　富士山ﾔｸｻﾞｶﾞﾁｬﾁｹ･金　の間違いのお詫びです
13444125,2,367,1,強襲ﾔｸｻﾞ～富士山ﾔｸｻﾞ篇～　富士山ﾔｸｻﾞｶﾞﾁｬﾁｹ･金　の間違いのお詫びです
24954893,2,367,1,強襲ﾔｸｻﾞ～富士山ﾔｸｻﾞ篇～　富士山ﾔｸｻﾞｶﾞﾁｬﾁｹ･金　の間違いのお詫びです
14610419,2,367,1,強襲ﾔｸｻﾞ～富士山ﾔｸｻﾞ篇～　富士山ﾔｸｻﾞｶﾞﾁｬﾁｹ･金　の間違いのお詫びです
631854218,2,367,1,強襲ﾔｸｻﾞ～富士山ﾔｸｻﾞ篇～　富士山ﾔｸｻﾞｶﾞﾁｬﾁｹ･金　の間違いのお詫びです
43947452,2,367,1,強襲ﾔｸｻﾞ～富士山ﾔｸｻﾞ篇～　富士山ﾔｸｻﾞｶﾞﾁｬﾁｹ･金　の間違いのお詫びです
2737538,2,367,1,強襲ﾔｸｻﾞ～富士山ﾔｸｻﾞ篇～　富士山ﾔｸｻﾞｶﾞﾁｬﾁｹ･金　の間違いのお詫びです
24632842,2,367,1,強襲ﾔｸｻﾞ～富士山ﾔｸｻﾞ篇～　富士山ﾔｸｻﾞｶﾞﾁｬﾁｹ･金　の間違いのお詫びです
53332017,2,367,1,強襲ﾔｸｻﾞ～富士山ﾔｸｻﾞ篇～　富士山ﾔｸｻﾞｶﾞﾁｬﾁｹ･金　の間違いのお詫びです
46843370,2,367,1,強襲ﾔｸｻﾞ～富士山ﾔｸｻﾞ篇～　富士山ﾔｸｻﾞｶﾞﾁｬﾁｹ･金　の間違いのお詫びです
25160415,2,367,1,強襲ﾔｸｻﾞ～富士山ﾔｸｻﾞ篇～　富士山ﾔｸｻﾞｶﾞﾁｬﾁｹ･金　の間違いのお詫びです
9602933,2,367,7,強襲ﾔｸｻﾞ～富士山ﾔｸｻﾞ篇～　富士山ﾔｸｻﾞｶﾞﾁｬﾁｹ･金　の間違いのお詫びです
30156868,2,367,1,強襲ﾔｸｻﾞ～富士山ﾔｸｻﾞ篇～　富士山ﾔｸｻﾞｶﾞﾁｬﾁｹ･金　の間違いのお詫びです
38967441,2,367,7,強襲ﾔｸｻﾞ～富士山ﾔｸｻﾞ篇～　富士山ﾔｸｻﾞｶﾞﾁｬﾁｹ･金　の間違いのお詫びです
17340442,2,367,1,強襲ﾔｸｻﾞ～富士山ﾔｸｻﾞ篇～　富士山ﾔｸｻﾞｶﾞﾁｬﾁｹ･金　の間違いのお詫びです
22847317,2,367,1,強襲ﾔｸｻﾞ～富士山ﾔｸｻﾞ篇～　富士山ﾔｸｻﾞｶﾞﾁｬﾁｹ･金　の間違いのお詫びです
19731625,2,367,2,強襲ﾔｸｻﾞ～富士山ﾔｸｻﾞ篇～　富士山ﾔｸｻﾞｶﾞﾁｬﾁｹ･金　の間違いのお詫びです
23768805,2,367,3,強襲ﾔｸｻﾞ～富士山ﾔｸｻﾞ篇～　富士山ﾔｸｻﾞｶﾞﾁｬﾁｹ･金　の間違いのお詫びです
53847492,2,367,1,強襲ﾔｸｻﾞ～富士山ﾔｸｻﾞ篇～　富士山ﾔｸｻﾞｶﾞﾁｬﾁｹ･金　の間違いのお詫びです
46889003,2,367,1,強襲ﾔｸｻﾞ～富士山ﾔｸｻﾞ篇～　富士山ﾔｸｻﾞｶﾞﾁｬﾁｹ･金　の間違いのお詫びです
39973231,2,367,1,強襲ﾔｸｻﾞ～富士山ﾔｸｻﾞ篇～　富士山ﾔｸｻﾞｶﾞﾁｬﾁｹ･金　の間違いのお詫びです
6780967,2,367,1,強襲ﾔｸｻﾞ～富士山ﾔｸｻﾞ篇～　富士山ﾔｸｻﾞｶﾞﾁｬﾁｹ･金　の間違いのお詫びです
22390001,2,367,2,強襲ﾔｸｻﾞ～富士山ﾔｸｻﾞ篇～　富士山ﾔｸｻﾞｶﾞﾁｬﾁｹ･金　の間違いのお詫びです
5296414,2,367,1,強襲ﾔｸｻﾞ～富士山ﾔｸｻﾞ篇～　富士山ﾔｸｻﾞｶﾞﾁｬﾁｹ･金　の間違いのお詫びです
8213567,2,367,1,強襲ﾔｸｻﾞ～富士山ﾔｸｻﾞ篇～　富士山ﾔｸｻﾞｶﾞﾁｬﾁｹ･金　の間違いのお詫びです
41301652,2,367,1,強襲ﾔｸｻﾞ～富士山ﾔｸｻﾞ篇～　富士山ﾔｸｻﾞｶﾞﾁｬﾁｹ･金　の間違いのお詫びです
50467119,2,367,1,強襲ﾔｸｻﾞ～富士山ﾔｸｻﾞ篇～　富士山ﾔｸｻﾞｶﾞﾁｬﾁｹ･金　の間違いのお詫びです
46707047,2,367,1,強襲ﾔｸｻﾞ～富士山ﾔｸｻﾞ篇～　富士山ﾔｸｻﾞｶﾞﾁｬﾁｹ･金　の間違いのお詫びです
34613747,2,367,3,強襲ﾔｸｻﾞ～富士山ﾔｸｻﾞ篇～　富士山ﾔｸｻﾞｶﾞﾁｬﾁｹ･金　の間違いのお詫びです
57270813,2,367,2,強襲ﾔｸｻﾞ～富士山ﾔｸｻﾞ篇～　富士山ﾔｸｻﾞｶﾞﾁｬﾁｹ･金　の間違いのお詫びです
54829761,2,367,2,強襲ﾔｸｻﾞ～富士山ﾔｸｻﾞ篇～　富士山ﾔｸｻﾞｶﾞﾁｬﾁｹ･金　の間違いのお詫びです
56656076,2,367,1,強襲ﾔｸｻﾞ～富士山ﾔｸｻﾞ篇～　富士山ﾔｸｻﾞｶﾞﾁｬﾁｹ･金　の間違いのお詫びです
20750309,2,367,2,強襲ﾔｸｻﾞ～富士山ﾔｸｻﾞ篇～　富士山ﾔｸｻﾞｶﾞﾁｬﾁｹ･金　の間違いのお詫びです
39580447,2,367,1,強襲ﾔｸｻﾞ～富士山ﾔｸｻﾞ篇～　富士山ﾔｸｻﾞｶﾞﾁｬﾁｹ･金　の間違いのお詫びです
54231174,2,367,2,強襲ﾔｸｻﾞ～富士山ﾔｸｻﾞ篇～　富士山ﾔｸｻﾞｶﾞﾁｬﾁｹ･金　の間違いのお詫びです
21058690,2,367,3,強襲ﾔｸｻﾞ～富士山ﾔｸｻﾞ篇～　富士山ﾔｸｻﾞｶﾞﾁｬﾁｹ･金　の間違いのお詫びです
13250766,2,367,1,強襲ﾔｸｻﾞ～富士山ﾔｸｻﾞ篇～　富士山ﾔｸｻﾞｶﾞﾁｬﾁｹ･金　の間違いのお詫びです
45389419,2,367,2,強襲ﾔｸｻﾞ～富士山ﾔｸｻﾞ篇～　富士山ﾔｸｻﾞｶﾞﾁｬﾁｹ･金　の間違いのお詫びです
17863914,2,367,1,強襲ﾔｸｻﾞ～富士山ﾔｸｻﾞ篇～　富士山ﾔｸｻﾞｶﾞﾁｬﾁｹ･金　の間違いのお詫びです
27225387,2,367,4,強襲ﾔｸｻﾞ～富士山ﾔｸｻﾞ篇～　富士山ﾔｸｻﾞｶﾞﾁｬﾁｹ･金　の間違いのお詫びです
15450050,2,367,2,強襲ﾔｸｻﾞ～富士山ﾔｸｻﾞ篇～　富士山ﾔｸｻﾞｶﾞﾁｬﾁｹ･金　の間違いのお詫びです
6900488,2,367,1,強襲ﾔｸｻﾞ～富士山ﾔｸｻﾞ篇～　富士山ﾔｸｻﾞｶﾞﾁｬﾁｹ･金　の間違いのお詫びです
16802872,2,367,1,強襲ﾔｸｻﾞ～富士山ﾔｸｻﾞ篇～　富士山ﾔｸｻﾞｶﾞﾁｬﾁｹ･金　の間違いのお詫びです
41623221,2,367,1,強襲ﾔｸｻﾞ～富士山ﾔｸｻﾞ篇～　富士山ﾔｸｻﾞｶﾞﾁｬﾁｹ･金　の間違いのお詫びです
43734207,2,367,2,強襲ﾔｸｻﾞ～富士山ﾔｸｻﾞ篇～　富士山ﾔｸｻﾞｶﾞﾁｬﾁｹ･金　の間違いのお詫びです
32166446,2,367,1,強襲ﾔｸｻﾞ～富士山ﾔｸｻﾞ篇～　富士山ﾔｸｻﾞｶﾞﾁｬﾁｹ･金　の間違いのお詫びです
23547071,2,367,1,強襲ﾔｸｻﾞ～富士山ﾔｸｻﾞ篇～　富士山ﾔｸｻﾞｶﾞﾁｬﾁｹ･金　の間違いのお詫びです
2010783,2,367,1,強襲ﾔｸｻﾞ～富士山ﾔｸｻﾞ篇～　富士山ﾔｸｻﾞｶﾞﾁｬﾁｹ･金　の間違いのお詫びです
7487747,2,367,1,強襲ﾔｸｻﾞ～富士山ﾔｸｻﾞ篇～　富士山ﾔｸｻﾞｶﾞﾁｬﾁｹ･金　の間違いのお詫びです
44538722,2,367,8,強襲ﾔｸｻﾞ～富士山ﾔｸｻﾞ篇～　富士山ﾔｸｻﾞｶﾞﾁｬﾁｹ･金　の間違いのお詫びです
42447363,2,367,2,強襲ﾔｸｻﾞ～富士山ﾔｸｻﾞ篇～　富士山ﾔｸｻﾞｶﾞﾁｬﾁｹ･金　の間違いのお詫びです
15980801,2,367,6,強襲ﾔｸｻﾞ～富士山ﾔｸｻﾞ篇～　富士山ﾔｸｻﾞｶﾞﾁｬﾁｹ･金　の間違いのお詫びです
17568215,2,367,1,強襲ﾔｸｻﾞ～富士山ﾔｸｻﾞ篇～　富士山ﾔｸｻﾞｶﾞﾁｬﾁｹ･金　の間違いのお詫びです
36305577,2,367,1,強襲ﾔｸｻﾞ～富士山ﾔｸｻﾞ篇～　富士山ﾔｸｻﾞｶﾞﾁｬﾁｹ･金　の間違いのお詫びです
36987075,2,367,1,強襲ﾔｸｻﾞ～富士山ﾔｸｻﾞ篇～　富士山ﾔｸｻﾞｶﾞﾁｬﾁｹ･金　の間違いのお詫びです
15357545,2,367,1,強襲ﾔｸｻﾞ～富士山ﾔｸｻﾞ篇～　富士山ﾔｸｻﾞｶﾞﾁｬﾁｹ･金　の間違いのお詫びです
59019898,2,367,4,強襲ﾔｸｻﾞ～富士山ﾔｸｻﾞ篇～　富士山ﾔｸｻﾞｶﾞﾁｬﾁｹ･金　の間違いのお詫びです
16594829,2,367,1,強襲ﾔｸｻﾞ～富士山ﾔｸｻﾞ篇～　富士山ﾔｸｻﾞｶﾞﾁｬﾁｹ･金　の間違いのお詫びです
7660735,2,367,1,強襲ﾔｸｻﾞ～富士山ﾔｸｻﾞ篇～　富士山ﾔｸｻﾞｶﾞﾁｬﾁｹ･金　の間違いのお詫びです
16284155,2,367,2,強襲ﾔｸｻﾞ～富士山ﾔｸｻﾞ篇～　富士山ﾔｸｻﾞｶﾞﾁｬﾁｹ･金　の間違いのお詫びです
20336722,2,367,2,強襲ﾔｸｻﾞ～富士山ﾔｸｻﾞ篇～　富士山ﾔｸｻﾞｶﾞﾁｬﾁｹ･金　の間違いのお詫びです
37778161,2,367,1,強襲ﾔｸｻﾞ～富士山ﾔｸｻﾞ篇～　富士山ﾔｸｻﾞｶﾞﾁｬﾁｹ･金　の間違いのお詫びです
7302920,2,367,1,強襲ﾔｸｻﾞ～富士山ﾔｸｻﾞ篇～　富士山ﾔｸｻﾞｶﾞﾁｬﾁｹ･金　の間違いのお詫びです
33721789,2,367,1,強襲ﾔｸｻﾞ～富士山ﾔｸｻﾞ篇～　富士山ﾔｸｻﾞｶﾞﾁｬﾁｹ･金　の間違いのお詫びです
11766867,2,367,3,強襲ﾔｸｻﾞ～富士山ﾔｸｻﾞ篇～　富士山ﾔｸｻﾞｶﾞﾁｬﾁｹ･金　の間違いのお詫びです
15505391,2,367,2,強襲ﾔｸｻﾞ～富士山ﾔｸｻﾞ篇～　富士山ﾔｸｻﾞｶﾞﾁｬﾁｹ･金　の間違いのお詫びです
33533398,2,367,1,強襲ﾔｸｻﾞ～富士山ﾔｸｻﾞ篇～　富士山ﾔｸｻﾞｶﾞﾁｬﾁｹ･金　の間違いのお詫びです
39329649,2,367,2,強襲ﾔｸｻﾞ～富士山ﾔｸｻﾞ篇～　富士山ﾔｸｻﾞｶﾞﾁｬﾁｹ･金　の間違いのお詫びです
32499611,2,367,1,強襲ﾔｸｻﾞ～富士山ﾔｸｻﾞ篇～　富士山ﾔｸｻﾞｶﾞﾁｬﾁｹ･金　の間違いのお詫びです
58062589,2,367,1,強襲ﾔｸｻﾞ～富士山ﾔｸｻﾞ篇～　富士山ﾔｸｻﾞｶﾞﾁｬﾁｹ･金　の間違いのお詫びです
21803477,2,367,2,強襲ﾔｸｻﾞ～富士山ﾔｸｻﾞ篇～　富士山ﾔｸｻﾞｶﾞﾁｬﾁｹ･金　の間違いのお詫びです
7957869,2,367,1,強襲ﾔｸｻﾞ～富士山ﾔｸｻﾞ篇～　富士山ﾔｸｻﾞｶﾞﾁｬﾁｹ･金　の間違いのお詫びです
48521673,2,367,6,強襲ﾔｸｻﾞ～富士山ﾔｸｻﾞ篇～　富士山ﾔｸｻﾞｶﾞﾁｬﾁｹ･金　の間違いのお詫びです
10485320,2,367,1,強襲ﾔｸｻﾞ～富士山ﾔｸｻﾞ篇～　富士山ﾔｸｻﾞｶﾞﾁｬﾁｹ･金　の間違いのお詫びです
44342656,2,367,1,強襲ﾔｸｻﾞ～富士山ﾔｸｻﾞ篇～　富士山ﾔｸｻﾞｶﾞﾁｬﾁｹ･金　の間違いのお詫びです
40247459,2,367,1,強襲ﾔｸｻﾞ～富士山ﾔｸｻﾞ篇～　富士山ﾔｸｻﾞｶﾞﾁｬﾁｹ･金　の間違いのお詫びです
49959740,2,367,1,強襲ﾔｸｻﾞ～富士山ﾔｸｻﾞ篇～　富士山ﾔｸｻﾞｶﾞﾁｬﾁｹ･金　の間違いのお詫びです
17211310,2,367,1,強襲ﾔｸｻﾞ～富士山ﾔｸｻﾞ篇～　富士山ﾔｸｻﾞｶﾞﾁｬﾁｹ･金　の間違いのお詫びです
40304162,2,367,1,強襲ﾔｸｻﾞ～富士山ﾔｸｻﾞ篇～　富士山ﾔｸｻﾞｶﾞﾁｬﾁｹ･金　の間違いのお詫びです
18350221,2,367,1,強襲ﾔｸｻﾞ～富士山ﾔｸｻﾞ篇～　富士山ﾔｸｻﾞｶﾞﾁｬﾁｹ･金　の間違いのお詫びです
30199991,2,367,1,強襲ﾔｸｻﾞ～富士山ﾔｸｻﾞ篇～　富士山ﾔｸｻﾞｶﾞﾁｬﾁｹ･金　の間違いのお詫びです
33874760,2,367,2,強襲ﾔｸｻﾞ～富士山ﾔｸｻﾞ篇～　富士山ﾔｸｻﾞｶﾞﾁｬﾁｹ･金　の間違いのお詫びです
11893374,2,367,1,強襲ﾔｸｻﾞ～富士山ﾔｸｻﾞ篇～　富士山ﾔｸｻﾞｶﾞﾁｬﾁｹ･金　の間違いのお詫びです
42520943,2,367,1,強襲ﾔｸｻﾞ～富士山ﾔｸｻﾞ篇～　富士山ﾔｸｻﾞｶﾞﾁｬﾁｹ･金　の間違いのお詫びです
38068425,2,367,1,強襲ﾔｸｻﾞ～富士山ﾔｸｻﾞ篇～　富士山ﾔｸｻﾞｶﾞﾁｬﾁｹ･金　の間違いのお詫びです
55089638,2,367,1,強襲ﾔｸｻﾞ～富士山ﾔｸｻﾞ篇～　富士山ﾔｸｻﾞｶﾞﾁｬﾁｹ･金　の間違いのお詫びです
27839378,2,367,1,強襲ﾔｸｻﾞ～富士山ﾔｸｻﾞ篇～　富士山ﾔｸｻﾞｶﾞﾁｬﾁｹ･金　の間違いのお詫びです
22733410,2,367,1,強襲ﾔｸｻﾞ～富士山ﾔｸｻﾞ篇～　富士山ﾔｸｻﾞｶﾞﾁｬﾁｹ･金　の間違いのお詫びです
50657080,2,367,2,強襲ﾔｸｻﾞ～富士山ﾔｸｻﾞ篇～　富士山ﾔｸｻﾞｶﾞﾁｬﾁｹ･金　の間違いのお詫びです
34108627,2,367,1,強襲ﾔｸｻﾞ～富士山ﾔｸｻﾞ篇～　富士山ﾔｸｻﾞｶﾞﾁｬﾁｹ･金　の間違いのお詫びです
4911606,2,367,1,強襲ﾔｸｻﾞ～富士山ﾔｸｻﾞ篇～　富士山ﾔｸｻﾞｶﾞﾁｬﾁｹ･金　の間違いのお詫びです
11690157,2,367,1,強襲ﾔｸｻﾞ～富士山ﾔｸｻﾞ篇～　富士山ﾔｸｻﾞｶﾞﾁｬﾁｹ･金　の間違いのお詫びです
27630580,2,367,1,強襲ﾔｸｻﾞ～富士山ﾔｸｻﾞ篇～　富士山ﾔｸｻﾞｶﾞﾁｬﾁｹ･金　の間違いのお詫びです
36189098,2,367,1,強襲ﾔｸｻﾞ～富士山ﾔｸｻﾞ篇～　富士山ﾔｸｻﾞｶﾞﾁｬﾁｹ･金　の間違いのお詫びです
47387265,2,367,2,強襲ﾔｸｻﾞ～富士山ﾔｸｻﾞ篇～　富士山ﾔｸｻﾞｶﾞﾁｬﾁｹ･金　の間違いのお詫びです
53057933,2,367,1,強襲ﾔｸｻﾞ～富士山ﾔｸｻﾞ篇～　富士山ﾔｸｻﾞｶﾞﾁｬﾁｹ･金　の間違いのお詫びです
18215999,2,367,1,強襲ﾔｸｻﾞ～富士山ﾔｸｻﾞ篇～　富士山ﾔｸｻﾞｶﾞﾁｬﾁｹ･金　の間違いのお詫びです
18527279,2,367,1,強襲ﾔｸｻﾞ～富士山ﾔｸｻﾞ篇～　富士山ﾔｸｻﾞｶﾞﾁｬﾁｹ･金　の間違いのお詫びです
16891166,2,367,1,強襲ﾔｸｻﾞ～富士山ﾔｸｻﾞ篇～　富士山ﾔｸｻﾞｶﾞﾁｬﾁｹ･金　の間違いのお詫びです
47402868,2,367,2,強襲ﾔｸｻﾞ～富士山ﾔｸｻﾞ篇～　富士山ﾔｸｻﾞｶﾞﾁｬﾁｹ･金　の間違いのお詫びです
59788903,2,367,1,強襲ﾔｸｻﾞ～富士山ﾔｸｻﾞ篇～　富士山ﾔｸｻﾞｶﾞﾁｬﾁｹ･金　の間違いのお詫びです
44104671,2,367,2,強襲ﾔｸｻﾞ～富士山ﾔｸｻﾞ篇～　富士山ﾔｸｻﾞｶﾞﾁｬﾁｹ･金　の間違いのお詫びです
19568217,2,367,2,強襲ﾔｸｻﾞ～富士山ﾔｸｻﾞ篇～　富士山ﾔｸｻﾞｶﾞﾁｬﾁｹ･金　の間違いのお詫びです
32726389,2,367,1,強襲ﾔｸｻﾞ～富士山ﾔｸｻﾞ篇～　富士山ﾔｸｻﾞｶﾞﾁｬﾁｹ･金　の間違いのお詫びです
18213765,2,367,1,強襲ﾔｸｻﾞ～富士山ﾔｸｻﾞ篇～　富士山ﾔｸｻﾞｶﾞﾁｬﾁｹ･金　の間違いのお詫びです
49995781,2,367,1,強襲ﾔｸｻﾞ～富士山ﾔｸｻﾞ篇～　富士山ﾔｸｻﾞｶﾞﾁｬﾁｹ･金　の間違いのお詫びです
25165385,2,367,1,強襲ﾔｸｻﾞ～富士山ﾔｸｻﾞ篇～　富士山ﾔｸｻﾞｶﾞﾁｬﾁｹ･金　の間違いのお詫びです
59559524,2,367,1,強襲ﾔｸｻﾞ～富士山ﾔｸｻﾞ篇～　富士山ﾔｸｻﾞｶﾞﾁｬﾁｹ･金　の間違いのお詫びです
33329760,2,367,1,強襲ﾔｸｻﾞ～富士山ﾔｸｻﾞ篇～　富士山ﾔｸｻﾞｶﾞﾁｬﾁｹ･金　の間違いのお詫びです
58585319,2,367,2,強襲ﾔｸｻﾞ～富士山ﾔｸｻﾞ篇～　富士山ﾔｸｻﾞｶﾞﾁｬﾁｹ･金　の間違いのお詫びです
10426040,2,367,2,強襲ﾔｸｻﾞ～富士山ﾔｸｻﾞ篇～　富士山ﾔｸｻﾞｶﾞﾁｬﾁｹ･金　の間違いのお詫びです
8891396,2,367,2,強襲ﾔｸｻﾞ～富士山ﾔｸｻﾞ篇～　富士山ﾔｸｻﾞｶﾞﾁｬﾁｹ･金　の間違いのお詫びです
59332740,2,367,2,強襲ﾔｸｻﾞ～富士山ﾔｸｻﾞ篇～　富士山ﾔｸｻﾞｶﾞﾁｬﾁｹ･金　の間違いのお詫びです
51306469,2,367,1,強襲ﾔｸｻﾞ～富士山ﾔｸｻﾞ篇～　富士山ﾔｸｻﾞｶﾞﾁｬﾁｹ･金　の間違いのお詫びです
43763338,2,367,1,強襲ﾔｸｻﾞ～富士山ﾔｸｻﾞ篇～　富士山ﾔｸｻﾞｶﾞﾁｬﾁｹ･金　の間違いのお詫びです
18955774,2,367,1,強襲ﾔｸｻﾞ～富士山ﾔｸｻﾞ篇～　富士山ﾔｸｻﾞｶﾞﾁｬﾁｹ･金　の間違いのお詫びです
47581364,2,367,1,強襲ﾔｸｻﾞ～富士山ﾔｸｻﾞ篇～　富士山ﾔｸｻﾞｶﾞﾁｬﾁｹ･金　の間違いのお詫びです
22203941,2,367,3,強襲ﾔｸｻﾞ～富士山ﾔｸｻﾞ篇～　富士山ﾔｸｻﾞｶﾞﾁｬﾁｹ･金　の間違いのお詫びです
30936473,2,367,1,強襲ﾔｸｻﾞ～富士山ﾔｸｻﾞ篇～　富士山ﾔｸｻﾞｶﾞﾁｬﾁｹ･金　の間違いのお詫びです
31044750,2,367,1,強襲ﾔｸｻﾞ～富士山ﾔｸｻﾞ篇～　富士山ﾔｸｻﾞｶﾞﾁｬﾁｹ･金　の間違いのお詫びです
47227058,2,367,1,強襲ﾔｸｻﾞ～富士山ﾔｸｻﾞ篇～　富士山ﾔｸｻﾞｶﾞﾁｬﾁｹ･金　の間違いのお詫びです
8260135,2,367,1,強襲ﾔｸｻﾞ～富士山ﾔｸｻﾞ篇～　富士山ﾔｸｻﾞｶﾞﾁｬﾁｹ･金　の間違いのお詫びです
21907078,2,367,1,強襲ﾔｸｻﾞ～富士山ﾔｸｻﾞ篇～　富士山ﾔｸｻﾞｶﾞﾁｬﾁｹ･金　の間違いのお詫びです
23699386,2,367,1,強襲ﾔｸｻﾞ～富士山ﾔｸｻﾞ篇～　富士山ﾔｸｻﾞｶﾞﾁｬﾁｹ･金　の間違いのお詫びです
56989465,2,367,2,強襲ﾔｸｻﾞ～富士山ﾔｸｻﾞ篇～　富士山ﾔｸｻﾞｶﾞﾁｬﾁｹ･金　の間違いのお詫びです
1327440,2,367,1,強襲ﾔｸｻﾞ～富士山ﾔｸｻﾞ篇～　富士山ﾔｸｻﾞｶﾞﾁｬﾁｹ･金　の間違いのお詫びです
12042259,2,367,1,強襲ﾔｸｻﾞ～富士山ﾔｸｻﾞ篇～　富士山ﾔｸｻﾞｶﾞﾁｬﾁｹ･金　の間違いのお詫びです
9292117,2,367,1,強襲ﾔｸｻﾞ～富士山ﾔｸｻﾞ篇～　富士山ﾔｸｻﾞｶﾞﾁｬﾁｹ･金　の間違いのお詫びです
54075292,2,367,1,強襲ﾔｸｻﾞ～富士山ﾔｸｻﾞ篇～　富士山ﾔｸｻﾞｶﾞﾁｬﾁｹ･金　の間違いのお詫びです
8915751,2,367,1,強襲ﾔｸｻﾞ～富士山ﾔｸｻﾞ篇～　富士山ﾔｸｻﾞｶﾞﾁｬﾁｹ･金　の間違いのお詫びです
6693007,2,367,1,強襲ﾔｸｻﾞ～富士山ﾔｸｻﾞ篇～　富士山ﾔｸｻﾞｶﾞﾁｬﾁｹ･金　の間違いのお詫びです
32043310,2,367,2,強襲ﾔｸｻﾞ～富士山ﾔｸｻﾞ篇～　富士山ﾔｸｻﾞｶﾞﾁｬﾁｹ･金　の間違いのお詫びです
44071361,2,367,2,強襲ﾔｸｻﾞ～富士山ﾔｸｻﾞ篇～　富士山ﾔｸｻﾞｶﾞﾁｬﾁｹ･金　の間違いのお詫びです
43454836,2,367,1,強襲ﾔｸｻﾞ～富士山ﾔｸｻﾞ篇～　富士山ﾔｸｻﾞｶﾞﾁｬﾁｹ･金　の間違いのお詫びです
48596822,2,367,1,強襲ﾔｸｻﾞ～富士山ﾔｸｻﾞ篇～　富士山ﾔｸｻﾞｶﾞﾁｬﾁｹ･金　の間違いのお詫びです
18736150,2,367,1,強襲ﾔｸｻﾞ～富士山ﾔｸｻﾞ篇～　富士山ﾔｸｻﾞｶﾞﾁｬﾁｹ･金　の間違いのお詫びです
45947770,2,367,1,強襲ﾔｸｻﾞ～富士山ﾔｸｻﾞ篇～　富士山ﾔｸｻﾞｶﾞﾁｬﾁｹ･金　の間違いのお詫びです
45438884,2,367,1,強襲ﾔｸｻﾞ～富士山ﾔｸｻﾞ篇～　富士山ﾔｸｻﾞｶﾞﾁｬﾁｹ･金　の間違いのお詫びです
23669766,2,367,1,強襲ﾔｸｻﾞ～富士山ﾔｸｻﾞ篇～　富士山ﾔｸｻﾞｶﾞﾁｬﾁｹ･金　の間違いのお詫びです
51471259,2,367,1,強襲ﾔｸｻﾞ～富士山ﾔｸｻﾞ篇～　富士山ﾔｸｻﾞｶﾞﾁｬﾁｹ･金　の間違いのお詫びです
39774988,2,367,1,強襲ﾔｸｻﾞ～富士山ﾔｸｻﾞ篇～　富士山ﾔｸｻﾞｶﾞﾁｬﾁｹ･金　の間違いのお詫びです
25604559,2,367,2,強襲ﾔｸｻﾞ～富士山ﾔｸｻﾞ篇～　富士山ﾔｸｻﾞｶﾞﾁｬﾁｹ･金　の間違いのお詫びです
50774464,2,367,3,強襲ﾔｸｻﾞ～富士山ﾔｸｻﾞ篇～　富士山ﾔｸｻﾞｶﾞﾁｬﾁｹ･金　の間違いのお詫びです
6669433,2,367,1,強襲ﾔｸｻﾞ～富士山ﾔｸｻﾞ篇～　富士山ﾔｸｻﾞｶﾞﾁｬﾁｹ･金　の間違いのお詫びです
8480697,2,367,1,強襲ﾔｸｻﾞ～富士山ﾔｸｻﾞ篇～　富士山ﾔｸｻﾞｶﾞﾁｬﾁｹ･金　の間違いのお詫びです
11984533,2,367,1,強襲ﾔｸｻﾞ～富士山ﾔｸｻﾞ篇～　富士山ﾔｸｻﾞｶﾞﾁｬﾁｹ･金　の間違いのお詫びです
5568673,2,367,2,強襲ﾔｸｻﾞ～富士山ﾔｸｻﾞ篇～　富士山ﾔｸｻﾞｶﾞﾁｬﾁｹ･金　の間違いのお詫びです
43495178,2,367,1,強襲ﾔｸｻﾞ～富士山ﾔｸｻﾞ篇～　富士山ﾔｸｻﾞｶﾞﾁｬﾁｹ･金　の間違いのお詫びです
40290298,2,367,2,強襲ﾔｸｻﾞ～富士山ﾔｸｻﾞ篇～　富士山ﾔｸｻﾞｶﾞﾁｬﾁｹ･金　の間違いのお詫びです
30390174,2,367,1,強襲ﾔｸｻﾞ～富士山ﾔｸｻﾞ篇～　富士山ﾔｸｻﾞｶﾞﾁｬﾁｹ･金　の間違いのお詫びです
46141309,2,367,1,強襲ﾔｸｻﾞ～富士山ﾔｸｻﾞ篇～　富士山ﾔｸｻﾞｶﾞﾁｬﾁｹ･金　の間違いのお詫びです
9653473,2,367,1,強襲ﾔｸｻﾞ～富士山ﾔｸｻﾞ篇～　富士山ﾔｸｻﾞｶﾞﾁｬﾁｹ･金　の間違いのお詫びです
45007667,2,367,1,強襲ﾔｸｻﾞ～富士山ﾔｸｻﾞ篇～　富士山ﾔｸｻﾞｶﾞﾁｬﾁｹ･金　の間違いのお詫びです
52950076,2,367,5,強襲ﾔｸｻﾞ～富士山ﾔｸｻﾞ篇～　富士山ﾔｸｻﾞｶﾞﾁｬﾁｹ･金　の間違いのお詫びです
2328021,2,367,1,強襲ﾔｸｻﾞ～富士山ﾔｸｻﾞ篇～　富士山ﾔｸｻﾞｶﾞﾁｬﾁｹ･金　の間違いのお詫びです
50707899,2,367,2,強襲ﾔｸｻﾞ～富士山ﾔｸｻﾞ篇～　富士山ﾔｸｻﾞｶﾞﾁｬﾁｹ･金　の間違いのお詫びです
688685115,2,367,1,強襲ﾔｸｻﾞ～富士山ﾔｸｻﾞ篇～　富士山ﾔｸｻﾞｶﾞﾁｬﾁｹ･金　の間違いのお詫びです
10231262,2,367,1,強襲ﾔｸｻﾞ～富士山ﾔｸｻﾞ篇～　富士山ﾔｸｻﾞｶﾞﾁｬﾁｹ･金　の間違いのお詫びです
22133346,2,367,1,強襲ﾔｸｻﾞ～富士山ﾔｸｻﾞ篇～　富士山ﾔｸｻﾞｶﾞﾁｬﾁｹ･金　の間違いのお詫びです
55268013,2,367,3,強襲ﾔｸｻﾞ～富士山ﾔｸｻﾞ篇～　富士山ﾔｸｻﾞｶﾞﾁｬﾁｹ･金　の間違いのお詫びです
5656516,2,367,1,強襲ﾔｸｻﾞ～富士山ﾔｸｻﾞ篇～　富士山ﾔｸｻﾞｶﾞﾁｬﾁｹ･金　の間違いのお詫びです
40299478,2,367,1,強襲ﾔｸｻﾞ～富士山ﾔｸｻﾞ篇～　富士山ﾔｸｻﾞｶﾞﾁｬﾁｹ･金　の間違いのお詫びです
4341873,2,367,1,強襲ﾔｸｻﾞ～富士山ﾔｸｻﾞ篇～　富士山ﾔｸｻﾞｶﾞﾁｬﾁｹ･金　の間違いのお詫びです
54096735,2,367,5,強襲ﾔｸｻﾞ～富士山ﾔｸｻﾞ篇～　富士山ﾔｸｻﾞｶﾞﾁｬﾁｹ･金　の間違いのお詫びです
38419371,2,367,1,強襲ﾔｸｻﾞ～富士山ﾔｸｻﾞ篇～　富士山ﾔｸｻﾞｶﾞﾁｬﾁｹ･金　の間違いのお詫びです
34819094,2,367,1,強襲ﾔｸｻﾞ～富士山ﾔｸｻﾞ篇～　富士山ﾔｸｻﾞｶﾞﾁｬﾁｹ･金　の間違いのお詫びです
43652077,2,367,3,強襲ﾔｸｻﾞ～富士山ﾔｸｻﾞ篇～　富士山ﾔｸｻﾞｶﾞﾁｬﾁｹ･金　の間違いのお詫びです
49698871,2,367,1,強襲ﾔｸｻﾞ～富士山ﾔｸｻﾞ篇～　富士山ﾔｸｻﾞｶﾞﾁｬﾁｹ･金　の間違いのお詫びです
17271878,2,367,2,強襲ﾔｸｻﾞ～富士山ﾔｸｻﾞ篇～　富士山ﾔｸｻﾞｶﾞﾁｬﾁｹ･金　の間違いのお詫びです
45215430,2,367,1,強襲ﾔｸｻﾞ～富士山ﾔｸｻﾞ篇～　富士山ﾔｸｻﾞｶﾞﾁｬﾁｹ･金　の間違いのお詫びです
44830396,2,367,3,強襲ﾔｸｻﾞ～富士山ﾔｸｻﾞ篇～　富士山ﾔｸｻﾞｶﾞﾁｬﾁｹ･金　の間違いのお詫びです
23638165,2,367,1,強襲ﾔｸｻﾞ～富士山ﾔｸｻﾞ篇～　富士山ﾔｸｻﾞｶﾞﾁｬﾁｹ･金　の間違いのお詫びです
34211723,2,367,1,強襲ﾔｸｻﾞ～富士山ﾔｸｻﾞ篇～　富士山ﾔｸｻﾞｶﾞﾁｬﾁｹ･金　の間違いのお詫びです
28017121,2,367,7,強襲ﾔｸｻﾞ～富士山ﾔｸｻﾞ篇～　富士山ﾔｸｻﾞｶﾞﾁｬﾁｹ･金　の間違いのお詫びです
49393785,2,367,1,強襲ﾔｸｻﾞ～富士山ﾔｸｻﾞ篇～　富士山ﾔｸｻﾞｶﾞﾁｬﾁｹ･金　の間違いのお詫びです
39396385,2,367,2,強襲ﾔｸｻﾞ～富士山ﾔｸｻﾞ篇～　富士山ﾔｸｻﾞｶﾞﾁｬﾁｹ･金　の間違いのお詫びです
37234782,2,367,3,強襲ﾔｸｻﾞ～富士山ﾔｸｻﾞ篇～　富士山ﾔｸｻﾞｶﾞﾁｬﾁｹ･金　の間違いのお詫びです
4334712,2,367,1,強襲ﾔｸｻﾞ～富士山ﾔｸｻﾞ篇～　富士山ﾔｸｻﾞｶﾞﾁｬﾁｹ･金　の間違いのお詫びです
17895802,2,367,1,強襲ﾔｸｻﾞ～富士山ﾔｸｻﾞ篇～　富士山ﾔｸｻﾞｶﾞﾁｬﾁｹ･金　の間違いのお詫びです
48670871,2,367,1,強襲ﾔｸｻﾞ～富士山ﾔｸｻﾞ篇～　富士山ﾔｸｻﾞｶﾞﾁｬﾁｹ･金　の間違いのお詫びです
50755112,2,367,3,強襲ﾔｸｻﾞ～富士山ﾔｸｻﾞ篇～　富士山ﾔｸｻﾞｶﾞﾁｬﾁｹ･金　の間違いのお詫びです
31444907,2,367,1,強襲ﾔｸｻﾞ～富士山ﾔｸｻﾞ篇～　富士山ﾔｸｻﾞｶﾞﾁｬﾁｹ･金　の間違いのお詫びです
38901664,2,367,1,強襲ﾔｸｻﾞ～富士山ﾔｸｻﾞ篇～　富士山ﾔｸｻﾞｶﾞﾁｬﾁｹ･金　の間違いのお詫びです
23475371,2,367,2,強襲ﾔｸｻﾞ～富士山ﾔｸｻﾞ篇～　富士山ﾔｸｻﾞｶﾞﾁｬﾁｹ･金　の間違いのお詫びです
32133692,2,367,1,強襲ﾔｸｻﾞ～富士山ﾔｸｻﾞ篇～　富士山ﾔｸｻﾞｶﾞﾁｬﾁｹ･金　の間違いのお詫びです
43904989,2,367,1,強襲ﾔｸｻﾞ～富士山ﾔｸｻﾞ篇～　富士山ﾔｸｻﾞｶﾞﾁｬﾁｹ･金　の間違いのお詫びです
49788059,2,367,1,強襲ﾔｸｻﾞ～富士山ﾔｸｻﾞ篇～　富士山ﾔｸｻﾞｶﾞﾁｬﾁｹ･金　の間違いのお詫びです
7406447,2,367,1,強襲ﾔｸｻﾞ～富士山ﾔｸｻﾞ篇～　富士山ﾔｸｻﾞｶﾞﾁｬﾁｹ･金　の間違いのお詫びです
58698012,2,367,1,強襲ﾔｸｻﾞ～富士山ﾔｸｻﾞ篇～　富士山ﾔｸｻﾞｶﾞﾁｬﾁｹ･金　の間違いのお詫びです
47082803,2,367,1,強襲ﾔｸｻﾞ～富士山ﾔｸｻﾞ篇～　富士山ﾔｸｻﾞｶﾞﾁｬﾁｹ･金　の間違いのお詫びです
55343833,2,367,1,強襲ﾔｸｻﾞ～富士山ﾔｸｻﾞ篇～　富士山ﾔｸｻﾞｶﾞﾁｬﾁｹ･金　の間違いのお詫びです
3763084,2,367,1,強襲ﾔｸｻﾞ～富士山ﾔｸｻﾞ篇～　富士山ﾔｸｻﾞｶﾞﾁｬﾁｹ･金　の間違いのお詫びです
38328319,2,367,1,強襲ﾔｸｻﾞ～富士山ﾔｸｻﾞ篇～　富士山ﾔｸｻﾞｶﾞﾁｬﾁｹ･金　の間違いのお詫びです
15451337,2,367,1,強襲ﾔｸｻﾞ～富士山ﾔｸｻﾞ篇～　富士山ﾔｸｻﾞｶﾞﾁｬﾁｹ･金　の間違いのお詫びです
24259073,2,367,1,強襲ﾔｸｻﾞ～富士山ﾔｸｻﾞ篇～　富士山ﾔｸｻﾞｶﾞﾁｬﾁｹ･金　の間違いのお詫びです
46630496,2,367,1,強襲ﾔｸｻﾞ～富士山ﾔｸｻﾞ篇～　富士山ﾔｸｻﾞｶﾞﾁｬﾁｹ･金　の間違いのお詫びです
13952162,2,367,1,強襲ﾔｸｻﾞ～富士山ﾔｸｻﾞ篇～　富士山ﾔｸｻﾞｶﾞﾁｬﾁｹ･金　の間違いのお詫びです
43266738,2,367,1,強襲ﾔｸｻﾞ～富士山ﾔｸｻﾞ篇～　富士山ﾔｸｻﾞｶﾞﾁｬﾁｹ･金　の間違いのお詫びです
45314423,2,367,2,強襲ﾔｸｻﾞ～富士山ﾔｸｻﾞ篇～　富士山ﾔｸｻﾞｶﾞﾁｬﾁｹ･金　の間違いのお詫びです
54838825,2,367,1,強襲ﾔｸｻﾞ～富士山ﾔｸｻﾞ篇～　富士山ﾔｸｻﾞｶﾞﾁｬﾁｹ･金　の間違いのお詫びです
41345173,2,367,1,強襲ﾔｸｻﾞ～富士山ﾔｸｻﾞ篇～　富士山ﾔｸｻﾞｶﾞﾁｬﾁｹ･金　の間違いのお詫びです
51459891,2,367,1,強襲ﾔｸｻﾞ～富士山ﾔｸｻﾞ篇～　富士山ﾔｸｻﾞｶﾞﾁｬﾁｹ･金　の間違いのお詫びです
34271174,2,367,2,強襲ﾔｸｻﾞ～富士山ﾔｸｻﾞ篇～　富士山ﾔｸｻﾞｶﾞﾁｬﾁｹ･金　の間違いのお詫びです
14136486,2,367,1,強襲ﾔｸｻﾞ～富士山ﾔｸｻﾞ篇～　富士山ﾔｸｻﾞｶﾞﾁｬﾁｹ･金　の間違いのお詫びです
13470210,2,367,3,強襲ﾔｸｻﾞ～富士山ﾔｸｻﾞ篇～　富士山ﾔｸｻﾞｶﾞﾁｬﾁｹ･金　の間違いのお詫びです
42053405,2,367,1,強襲ﾔｸｻﾞ～富士山ﾔｸｻﾞ篇～　富士山ﾔｸｻﾞｶﾞﾁｬﾁｹ･金　の間違いのお詫びです
22715494,2,367,2,強襲ﾔｸｻﾞ～富士山ﾔｸｻﾞ篇～　富士山ﾔｸｻﾞｶﾞﾁｬﾁｹ･金　の間違いのお詫びです
28376937,2,367,1,強襲ﾔｸｻﾞ～富士山ﾔｸｻﾞ篇～　富士山ﾔｸｻﾞｶﾞﾁｬﾁｹ･金　の間違いのお詫びです
31679206,2,367,1,強襲ﾔｸｻﾞ～富士山ﾔｸｻﾞ篇～　富士山ﾔｸｻﾞｶﾞﾁｬﾁｹ･金　の間違いのお詫びです
45995888,2,367,1,強襲ﾔｸｻﾞ～富士山ﾔｸｻﾞ篇～　富士山ﾔｸｻﾞｶﾞﾁｬﾁｹ･金　の間違いのお詫びです
5111926,2,367,3,強襲ﾔｸｻﾞ～富士山ﾔｸｻﾞ篇～　富士山ﾔｸｻﾞｶﾞﾁｬﾁｹ･金　の間違いのお詫びです
55118955,2,367,1,強襲ﾔｸｻﾞ～富士山ﾔｸｻﾞ篇～　富士山ﾔｸｻﾞｶﾞﾁｬﾁｹ･金　の間違いのお詫びです
32048634,2,367,2,強襲ﾔｸｻﾞ～富士山ﾔｸｻﾞ篇～　富士山ﾔｸｻﾞｶﾞﾁｬﾁｹ･金　の間違いのお詫びです
687616021,2,367,2,強襲ﾔｸｻﾞ～富士山ﾔｸｻﾞ篇～　富士山ﾔｸｻﾞｶﾞﾁｬﾁｹ･金　の間違いのお詫びです
37807449,2,367,1,強襲ﾔｸｻﾞ～富士山ﾔｸｻﾞ篇～　富士山ﾔｸｻﾞｶﾞﾁｬﾁｹ･金　の間違いのお詫びです
47263175,2,367,1,強襲ﾔｸｻﾞ～富士山ﾔｸｻﾞ篇～　富士山ﾔｸｻﾞｶﾞﾁｬﾁｹ･金　の間違いのお詫びです
42861576,2,367,2,強襲ﾔｸｻﾞ～富士山ﾔｸｻﾞ篇～　富士山ﾔｸｻﾞｶﾞﾁｬﾁｹ･金　の間違いのお詫びです
50145025,2,367,1,強襲ﾔｸｻﾞ～富士山ﾔｸｻﾞ篇～　富士山ﾔｸｻﾞｶﾞﾁｬﾁｹ･金　の間違いのお詫びです
6548769,2,367,1,強襲ﾔｸｻﾞ～富士山ﾔｸｻﾞ篇～　富士山ﾔｸｻﾞｶﾞﾁｬﾁｹ･金　の間違いのお詫びです
13518083,2,367,1,強襲ﾔｸｻﾞ～富士山ﾔｸｻﾞ篇～　富士山ﾔｸｻﾞｶﾞﾁｬﾁｹ･金　の間違いのお詫びです
21234927,2,367,3,強襲ﾔｸｻﾞ～富士山ﾔｸｻﾞ篇～　富士山ﾔｸｻﾞｶﾞﾁｬﾁｹ･金　の間違いのお詫びです
17176407,2,367,1,強襲ﾔｸｻﾞ～富士山ﾔｸｻﾞ篇～　富士山ﾔｸｻﾞｶﾞﾁｬﾁｹ･金　の間違いのお詫びです
13595594,2,367,2,強襲ﾔｸｻﾞ～富士山ﾔｸｻﾞ篇～　富士山ﾔｸｻﾞｶﾞﾁｬﾁｹ･金　の間違いのお詫びです
44633630,2,367,1,強襲ﾔｸｻﾞ～富士山ﾔｸｻﾞ篇～　富士山ﾔｸｻﾞｶﾞﾁｬﾁｹ･金　の間違いのお詫びです
27007194,2,367,1,強襲ﾔｸｻﾞ～富士山ﾔｸｻﾞ篇～　富士山ﾔｸｻﾞｶﾞﾁｬﾁｹ･金　の間違いのお詫びです
13636421,2,367,2,強襲ﾔｸｻﾞ～富士山ﾔｸｻﾞ篇～　富士山ﾔｸｻﾞｶﾞﾁｬﾁｹ･金　の間違いのお詫びです
32314223,2,367,1,強襲ﾔｸｻﾞ～富士山ﾔｸｻﾞ篇～　富士山ﾔｸｻﾞｶﾞﾁｬﾁｹ･金　の間違いのお詫びです
8293249,2,367,1,強襲ﾔｸｻﾞ～富士山ﾔｸｻﾞ篇～　富士山ﾔｸｻﾞｶﾞﾁｬﾁｹ･金　の間違いのお詫びです
36029943,2,367,1,強襲ﾔｸｻﾞ～富士山ﾔｸｻﾞ篇～　富士山ﾔｸｻﾞｶﾞﾁｬﾁｹ･金　の間違いのお詫びです
34751363,2,367,1,強襲ﾔｸｻﾞ～富士山ﾔｸｻﾞ篇～　富士山ﾔｸｻﾞｶﾞﾁｬﾁｹ･金　の間違いのお詫びです
44707531,2,367,1,強襲ﾔｸｻﾞ～富士山ﾔｸｻﾞ篇～　富士山ﾔｸｻﾞｶﾞﾁｬﾁｹ･金　の間違いのお詫びです
43025410,2,367,1,強襲ﾔｸｻﾞ～富士山ﾔｸｻﾞ篇～　富士山ﾔｸｻﾞｶﾞﾁｬﾁｹ･金　の間違いのお詫びです
47771343,2,367,1,強襲ﾔｸｻﾞ～富士山ﾔｸｻﾞ篇～　富士山ﾔｸｻﾞｶﾞﾁｬﾁｹ･金　の間違いのお詫びです
3565973,2,367,1,強襲ﾔｸｻﾞ～富士山ﾔｸｻﾞ篇～　富士山ﾔｸｻﾞｶﾞﾁｬﾁｹ･金　の間違いのお詫びです
47626344,2,367,1,強襲ﾔｸｻﾞ～富士山ﾔｸｻﾞ篇～　富士山ﾔｸｻﾞｶﾞﾁｬﾁｹ･金　の間違いのお詫びです
12752944,2,367,7,強襲ﾔｸｻﾞ～富士山ﾔｸｻﾞ篇～　富士山ﾔｸｻﾞｶﾞﾁｬﾁｹ･金　の間違いのお詫びです
11894230,2,367,1,強襲ﾔｸｻﾞ～富士山ﾔｸｻﾞ篇～　富士山ﾔｸｻﾞｶﾞﾁｬﾁｹ･金　の間違いのお詫びです
50174486,2,367,1,強襲ﾔｸｻﾞ～富士山ﾔｸｻﾞ篇～　富士山ﾔｸｻﾞｶﾞﾁｬﾁｹ･金　の間違いのお詫びです
30468966,2,367,2,強襲ﾔｸｻﾞ～富士山ﾔｸｻﾞ篇～　富士山ﾔｸｻﾞｶﾞﾁｬﾁｹ･金　の間違いのお詫びです
39302362,2,367,1,強襲ﾔｸｻﾞ～富士山ﾔｸｻﾞ篇～　富士山ﾔｸｻﾞｶﾞﾁｬﾁｹ･金　の間違いのお詫びです
44900082,2,367,1,強襲ﾔｸｻﾞ～富士山ﾔｸｻﾞ篇～　富士山ﾔｸｻﾞｶﾞﾁｬﾁｹ･金　の間違いのお詫びです
33551603,2,367,1,強襲ﾔｸｻﾞ～富士山ﾔｸｻﾞ篇～　富士山ﾔｸｻﾞｶﾞﾁｬﾁｹ･金　の間違いのお詫びです
19891465,2,367,1,強襲ﾔｸｻﾞ～富士山ﾔｸｻﾞ篇～　富士山ﾔｸｻﾞｶﾞﾁｬﾁｹ･金　の間違いのお詫びです
691281665,2,367,1,強襲ﾔｸｻﾞ～富士山ﾔｸｻﾞ篇～　富士山ﾔｸｻﾞｶﾞﾁｬﾁｹ･金　の間違いのお詫びです
26738180,2,367,1,強襲ﾔｸｻﾞ～富士山ﾔｸｻﾞ篇～　富士山ﾔｸｻﾞｶﾞﾁｬﾁｹ･金　の間違いのお詫びです
46305660,2,367,1,強襲ﾔｸｻﾞ～富士山ﾔｸｻﾞ篇～　富士山ﾔｸｻﾞｶﾞﾁｬﾁｹ･金　の間違いのお詫びです
44611025,2,367,1,強襲ﾔｸｻﾞ～富士山ﾔｸｻﾞ篇～　富士山ﾔｸｻﾞｶﾞﾁｬﾁｹ･金　の間違いのお詫びです
21680613,2,367,1,強襲ﾔｸｻﾞ～富士山ﾔｸｻﾞ篇～　富士山ﾔｸｻﾞｶﾞﾁｬﾁｹ･金　の間違いのお詫びです
18245424,2,367,1,強襲ﾔｸｻﾞ～富士山ﾔｸｻﾞ篇～　富士山ﾔｸｻﾞｶﾞﾁｬﾁｹ･金　の間違いのお詫びです
10807125,2,367,1,強襲ﾔｸｻﾞ～富士山ﾔｸｻﾞ篇～　富士山ﾔｸｻﾞｶﾞﾁｬﾁｹ･金　の間違いのお詫びです
39158331,2,367,1,強襲ﾔｸｻﾞ～富士山ﾔｸｻﾞ篇～　富士山ﾔｸｻﾞｶﾞﾁｬﾁｹ･金　の間違いのお詫びです
23427783,2,367,1,強襲ﾔｸｻﾞ～富士山ﾔｸｻﾞ篇～　富士山ﾔｸｻﾞｶﾞﾁｬﾁｹ･金　の間違いのお詫びです
43169052,2,367,1,強襲ﾔｸｻﾞ～富士山ﾔｸｻﾞ篇～　富士山ﾔｸｻﾞｶﾞﾁｬﾁｹ･金　の間違いのお詫びです
53140143,2,367,1,強襲ﾔｸｻﾞ～富士山ﾔｸｻﾞ篇～　富士山ﾔｸｻﾞｶﾞﾁｬﾁｹ･金　の間違いのお詫びです
24097785,2,367,1,強襲ﾔｸｻﾞ～富士山ﾔｸｻﾞ篇～　富士山ﾔｸｻﾞｶﾞﾁｬﾁｹ･金　の間違いのお詫びです
33121576,2,367,1,強襲ﾔｸｻﾞ～富士山ﾔｸｻﾞ篇～　富士山ﾔｸｻﾞｶﾞﾁｬﾁｹ･金　の間違いのお詫びです
9937108,2,367,1,強襲ﾔｸｻﾞ～富士山ﾔｸｻﾞ篇～　富士山ﾔｸｻﾞｶﾞﾁｬﾁｹ･金　の間違いのお詫びです
20892093,2,367,1,強襲ﾔｸｻﾞ～富士山ﾔｸｻﾞ篇～　富士山ﾔｸｻﾞｶﾞﾁｬﾁｹ･金　の間違いのお詫びです
23810662,2,367,6,強襲ﾔｸｻﾞ～富士山ﾔｸｻﾞ篇～　富士山ﾔｸｻﾞｶﾞﾁｬﾁｹ･金　の間違いのお詫びです
25175209,2,367,2,強襲ﾔｸｻﾞ～富士山ﾔｸｻﾞ篇～　富士山ﾔｸｻﾞｶﾞﾁｬﾁｹ･金　の間違いのお詫びです
31036221,2,367,3,強襲ﾔｸｻﾞ～富士山ﾔｸｻﾞ篇～　富士山ﾔｸｻﾞｶﾞﾁｬﾁｹ･金　の間違いのお詫びです
42802016,2,367,1,強襲ﾔｸｻﾞ～富士山ﾔｸｻﾞ篇～　富士山ﾔｸｻﾞｶﾞﾁｬﾁｹ･金　の間違いのお詫びです
51199170,2,367,1,強襲ﾔｸｻﾞ～富士山ﾔｸｻﾞ篇～　富士山ﾔｸｻﾞｶﾞﾁｬﾁｹ･金　の間違いのお詫びです
53305509,2,367,2,強襲ﾔｸｻﾞ～富士山ﾔｸｻﾞ篇～　富士山ﾔｸｻﾞｶﾞﾁｬﾁｹ･金　の間違いのお詫びです
14485471,2,367,1,強襲ﾔｸｻﾞ～富士山ﾔｸｻﾞ篇～　富士山ﾔｸｻﾞｶﾞﾁｬﾁｹ･金　の間違いのお詫びです
12958863,2,367,1,強襲ﾔｸｻﾞ～富士山ﾔｸｻﾞ篇～　富士山ﾔｸｻﾞｶﾞﾁｬﾁｹ･金　の間違いのお詫びです
47580127,2,367,1,強襲ﾔｸｻﾞ～富士山ﾔｸｻﾞ篇～　富士山ﾔｸｻﾞｶﾞﾁｬﾁｹ･金　の間違いのお詫びです
5265031,2,367,3,強襲ﾔｸｻﾞ～富士山ﾔｸｻﾞ篇～　富士山ﾔｸｻﾞｶﾞﾁｬﾁｹ･金　の間違いのお詫びです
30622359,2,367,2,強襲ﾔｸｻﾞ～富士山ﾔｸｻﾞ篇～　富士山ﾔｸｻﾞｶﾞﾁｬﾁｹ･金　の間違いのお詫びです
42776167,2,367,1,強襲ﾔｸｻﾞ～富士山ﾔｸｻﾞ篇～　富士山ﾔｸｻﾞｶﾞﾁｬﾁｹ･金　の間違いのお詫びです
27806013,2,367,1,強襲ﾔｸｻﾞ～富士山ﾔｸｻﾞ篇～　富士山ﾔｸｻﾞｶﾞﾁｬﾁｹ･金　の間違いのお詫びです
48026516,2,367,1,強襲ﾔｸｻﾞ～富士山ﾔｸｻﾞ篇～　富士山ﾔｸｻﾞｶﾞﾁｬﾁｹ･金　の間違いのお詫びです
42943662,2,367,3,強襲ﾔｸｻﾞ～富士山ﾔｸｻﾞ篇～　富士山ﾔｸｻﾞｶﾞﾁｬﾁｹ･金　の間違いのお詫びです
8754628,2,367,1,強襲ﾔｸｻﾞ～富士山ﾔｸｻﾞ篇～　富士山ﾔｸｻﾞｶﾞﾁｬﾁｹ･金　の間違いのお詫びです
42722936,2,367,1,強襲ﾔｸｻﾞ～富士山ﾔｸｻﾞ篇～　富士山ﾔｸｻﾞｶﾞﾁｬﾁｹ･金　の間違いのお詫びです
45671193,2,367,2,強襲ﾔｸｻﾞ～富士山ﾔｸｻﾞ篇～　富士山ﾔｸｻﾞｶﾞﾁｬﾁｹ･金　の間違いのお詫びです
31079596,2,367,4,強襲ﾔｸｻﾞ～富士山ﾔｸｻﾞ篇～　富士山ﾔｸｻﾞｶﾞﾁｬﾁｹ･金　の間違いのお詫びです
17649967,2,367,2,強襲ﾔｸｻﾞ～富士山ﾔｸｻﾞ篇～　富士山ﾔｸｻﾞｶﾞﾁｬﾁｹ･金　の間違いのお詫びです
5167105,2,367,1,強襲ﾔｸｻﾞ～富士山ﾔｸｻﾞ篇～　富士山ﾔｸｻﾞｶﾞﾁｬﾁｹ･金　の間違いのお詫びです
18492641,2,367,2,強襲ﾔｸｻﾞ～富士山ﾔｸｻﾞ篇～　富士山ﾔｸｻﾞｶﾞﾁｬﾁｹ･金　の間違いのお詫びです
47585058,2,367,2,強襲ﾔｸｻﾞ～富士山ﾔｸｻﾞ篇～　富士山ﾔｸｻﾞｶﾞﾁｬﾁｹ･金　の間違いのお詫びです
11622958,2,367,1,強襲ﾔｸｻﾞ～富士山ﾔｸｻﾞ篇～　富士山ﾔｸｻﾞｶﾞﾁｬﾁｹ･金　の間違いのお詫びです
18810250,2,367,1,強襲ﾔｸｻﾞ～富士山ﾔｸｻﾞ篇～　富士山ﾔｸｻﾞｶﾞﾁｬﾁｹ･金　の間違いのお詫びです
