8815176,1,3195,1,おめでとうございます! 強襲ﾔｸｻﾞ～富士山ﾔｸｻﾞ篇～の51位-100位ﾗﾝｸｲﾝ報酬です!自属性以外へ変更をご希望の場合は【舎弟をプレゼント欄から受け取らずに】お手数ですが別途お問い合わせをお願い致します。
641396631,1,3196,1,おめでとうございます! 強襲ﾔｸｻﾞ～富士山ﾔｸｻﾞ篇～の51位-100位ﾗﾝｸｲﾝ報酬です!自属性以外へ変更をご希望の場合は【舎弟をプレゼント欄から受け取らずに】お手数ですが別途お問い合わせをお願い致します。
57697906,1,3194,1,おめでとうございます! 強襲ﾔｸｻﾞ～富士山ﾔｸｻﾞ篇～の51位-100位ﾗﾝｸｲﾝ報酬です!自属性以外へ変更をご希望の場合は【舎弟をプレゼント欄から受け取らずに】お手数ですが別途お問い合わせをお願い致します。
56888430,1,3194,1,おめでとうございます! 強襲ﾔｸｻﾞ～富士山ﾔｸｻﾞ篇～の51位-100位ﾗﾝｸｲﾝ報酬です!自属性以外へ変更をご希望の場合は【舎弟をプレゼント欄から受け取らずに】お手数ですが別途お問い合わせをお願い致します。
51983125,1,3196,1,おめでとうございます! 強襲ﾔｸｻﾞ～富士山ﾔｸｻﾞ篇～の51位-100位ﾗﾝｸｲﾝ報酬です!自属性以外へ変更をご希望の場合は【舎弟をプレゼント欄から受け取らずに】お手数ですが別途お問い合わせをお願い致します。
48843798,1,3195,1,おめでとうございます! 強襲ﾔｸｻﾞ～富士山ﾔｸｻﾞ篇～の51位-100位ﾗﾝｸｲﾝ報酬です!自属性以外へ変更をご希望の場合は【舎弟をプレゼント欄から受け取らずに】お手数ですが別途お問い合わせをお願い致します。
48521673,1,3195,1,おめでとうございます! 強襲ﾔｸｻﾞ～富士山ﾔｸｻﾞ篇～の51位-100位ﾗﾝｸｲﾝ報酬です!自属性以外へ変更をご希望の場合は【舎弟をプレゼント欄から受け取らずに】お手数ですが別途お問い合わせをお願い致します。
47668703,1,3194,1,おめでとうございます! 強襲ﾔｸｻﾞ～富士山ﾔｸｻﾞ篇～の51位-100位ﾗﾝｸｲﾝ報酬です!自属性以外へ変更をご希望の場合は【舎弟をプレゼント欄から受け取らずに】お手数ですが別途お問い合わせをお願い致します。
47402868,1,3195,1,おめでとうございます! 強襲ﾔｸｻﾞ～富士山ﾔｸｻﾞ篇～の51位-100位ﾗﾝｸｲﾝ報酬です!自属性以外へ変更をご希望の場合は【舎弟をプレゼント欄から受け取らずに】お手数ですが別途お問い合わせをお願い致します。
46736137,1,3196,1,おめでとうございます! 強襲ﾔｸｻﾞ～富士山ﾔｸｻﾞ篇～の51位-100位ﾗﾝｸｲﾝ報酬です!自属性以外へ変更をご希望の場合は【舎弟をプレゼント欄から受け取らずに】お手数ですが別途お問い合わせをお願い致します。
45905637,1,3196,1,おめでとうございます! 強襲ﾔｸｻﾞ～富士山ﾔｸｻﾞ篇～の51位-100位ﾗﾝｸｲﾝ報酬です!自属性以外へ変更をご希望の場合は【舎弟をプレゼント欄から受け取らずに】お手数ですが別途お問い合わせをお願い致します。
45144569,1,3195,1,おめでとうございます! 強襲ﾔｸｻﾞ～富士山ﾔｸｻﾞ篇～の51位-100位ﾗﾝｸｲﾝ報酬です!自属性以外へ変更をご希望の場合は【舎弟をプレゼント欄から受け取らずに】お手数ですが別途お問い合わせをお願い致します。
44797351,1,3196,1,おめでとうございます! 強襲ﾔｸｻﾞ～富士山ﾔｸｻﾞ篇～の51位-100位ﾗﾝｸｲﾝ報酬です!自属性以外へ変更をご希望の場合は【舎弟をプレゼント欄から受け取らずに】お手数ですが別途お問い合わせをお願い致します。
44633630,1,3194,1,おめでとうございます! 強襲ﾔｸｻﾞ～富士山ﾔｸｻﾞ篇～の51位-100位ﾗﾝｸｲﾝ報酬です!自属性以外へ変更をご希望の場合は【舎弟をプレゼント欄から受け取らずに】お手数ですが別途お問い合わせをお願い致します。
44559445,1,3196,1,おめでとうございます! 強襲ﾔｸｻﾞ～富士山ﾔｸｻﾞ篇～の51位-100位ﾗﾝｸｲﾝ報酬です!自属性以外へ変更をご希望の場合は【舎弟をプレゼント欄から受け取らずに】お手数ですが別途お問い合わせをお願い致します。
44249898,1,3194,1,おめでとうございます! 強襲ﾔｸｻﾞ～富士山ﾔｸｻﾞ篇～の51位-100位ﾗﾝｸｲﾝ報酬です!自属性以外へ変更をご希望の場合は【舎弟をプレゼント欄から受け取らずに】お手数ですが別途お問い合わせをお願い致します。
41481742,1,3196,1,おめでとうございます! 強襲ﾔｸｻﾞ～富士山ﾔｸｻﾞ篇～の51位-100位ﾗﾝｸｲﾝ報酬です!自属性以外へ変更をご希望の場合は【舎弟をプレゼント欄から受け取らずに】お手数ですが別途お問い合わせをお願い致します。
39720676,1,3195,1,おめでとうございます! 強襲ﾔｸｻﾞ～富士山ﾔｸｻﾞ篇～の51位-100位ﾗﾝｸｲﾝ報酬です!自属性以外へ変更をご希望の場合は【舎弟をプレゼント欄から受け取らずに】お手数ですが別途お問い合わせをお願い致します。
38924901,1,3196,1,おめでとうございます! 強襲ﾔｸｻﾞ～富士山ﾔｸｻﾞ篇～の51位-100位ﾗﾝｸｲﾝ報酬です!自属性以外へ変更をご希望の場合は【舎弟をプレゼント欄から受け取らずに】お手数ですが別途お問い合わせをお願い致します。
38511798,1,3196,1,おめでとうございます! 強襲ﾔｸｻﾞ～富士山ﾔｸｻﾞ篇～の51位-100位ﾗﾝｸｲﾝ報酬です!自属性以外へ変更をご希望の場合は【舎弟をプレゼント欄から受け取らずに】お手数ですが別途お問い合わせをお願い致します。
37818720,1,3195,1,おめでとうございます! 強襲ﾔｸｻﾞ～富士山ﾔｸｻﾞ篇～の51位-100位ﾗﾝｸｲﾝ報酬です!自属性以外へ変更をご希望の場合は【舎弟をプレゼント欄から受け取らずに】お手数ですが別途お問い合わせをお願い致します。
34254017,1,3194,1,おめでとうございます! 強襲ﾔｸｻﾞ～富士山ﾔｸｻﾞ篇～の51位-100位ﾗﾝｸｲﾝ報酬です!自属性以外へ変更をご希望の場合は【舎弟をプレゼント欄から受け取らずに】お手数ですが別途お問い合わせをお願い致します。
31701427,1,3196,1,おめでとうございます! 強襲ﾔｸｻﾞ～富士山ﾔｸｻﾞ篇～の51位-100位ﾗﾝｸｲﾝ報酬です!自属性以外へ変更をご希望の場合は【舎弟をプレゼント欄から受け取らずに】お手数ですが別途お問い合わせをお願い致します。
31444907,1,3196,1,おめでとうございます! 強襲ﾔｸｻﾞ～富士山ﾔｸｻﾞ篇～の51位-100位ﾗﾝｸｲﾝ報酬です!自属性以外へ変更をご希望の場合は【舎弟をプレゼント欄から受け取らずに】お手数ですが別途お問い合わせをお願い致します。
31343158,1,3195,1,おめでとうございます! 強襲ﾔｸｻﾞ～富士山ﾔｸｻﾞ篇～の51位-100位ﾗﾝｸｲﾝ報酬です!自属性以外へ変更をご希望の場合は【舎弟をプレゼント欄から受け取らずに】お手数ですが別途お問い合わせをお願い致します。
30418475,1,3196,1,おめでとうございます! 強襲ﾔｸｻﾞ～富士山ﾔｸｻﾞ篇～の51位-100位ﾗﾝｸｲﾝ報酬です!自属性以外へ変更をご希望の場合は【舎弟をプレゼント欄から受け取らずに】お手数ですが別途お問い合わせをお願い致します。
3001319,1,3196,1,おめでとうございます! 強襲ﾔｸｻﾞ～富士山ﾔｸｻﾞ篇～の51位-100位ﾗﾝｸｲﾝ報酬です!自属性以外へ変更をご希望の場合は【舎弟をプレゼント欄から受け取らずに】お手数ですが別途お問い合わせをお願い致します。
29453929,1,3196,1,おめでとうございます! 強襲ﾔｸｻﾞ～富士山ﾔｸｻﾞ篇～の51位-100位ﾗﾝｸｲﾝ報酬です!自属性以外へ変更をご希望の場合は【舎弟をプレゼント欄から受け取らずに】お手数ですが別途お問い合わせをお願い致します。
29083297,1,3195,1,おめでとうございます! 強襲ﾔｸｻﾞ～富士山ﾔｸｻﾞ篇～の51位-100位ﾗﾝｸｲﾝ報酬です!自属性以外へ変更をご希望の場合は【舎弟をプレゼント欄から受け取らずに】お手数ですが別途お問い合わせをお願い致します。
27532645,1,3196,1,おめでとうございます! 強襲ﾔｸｻﾞ～富士山ﾔｸｻﾞ篇～の51位-100位ﾗﾝｸｲﾝ報酬です!自属性以外へ変更をご希望の場合は【舎弟をプレゼント欄から受け取らずに】お手数ですが別途お問い合わせをお願い致します。
26779504,1,3196,1,おめでとうございます! 強襲ﾔｸｻﾞ～富士山ﾔｸｻﾞ篇～の51位-100位ﾗﾝｸｲﾝ報酬です!自属性以外へ変更をご希望の場合は【舎弟をプレゼント欄から受け取らずに】お手数ですが別途お問い合わせをお願い致します。
26532585,1,3196,1,おめでとうございます! 強襲ﾔｸｻﾞ～富士山ﾔｸｻﾞ篇～の51位-100位ﾗﾝｸｲﾝ報酬です!自属性以外へ変更をご希望の場合は【舎弟をプレゼント欄から受け取らずに】お手数ですが別途お問い合わせをお願い致します。
26412300,1,3196,1,おめでとうございます! 強襲ﾔｸｻﾞ～富士山ﾔｸｻﾞ篇～の51位-100位ﾗﾝｸｲﾝ報酬です!自属性以外へ変更をご希望の場合は【舎弟をプレゼント欄から受け取らずに】お手数ですが別途お問い合わせをお願い致します。
22390001,1,3195,1,おめでとうございます! 強襲ﾔｸｻﾞ～富士山ﾔｸｻﾞ篇～の51位-100位ﾗﾝｸｲﾝ報酬です!自属性以外へ変更をご希望の場合は【舎弟をプレゼント欄から受け取らずに】お手数ですが別途お問い合わせをお願い致します。
21395507,1,3194,1,おめでとうございます! 強襲ﾔｸｻﾞ～富士山ﾔｸｻﾞ篇～の51位-100位ﾗﾝｸｲﾝ報酬です!自属性以外へ変更をご希望の場合は【舎弟をプレゼント欄から受け取らずに】お手数ですが別途お問い合わせをお願い致します。
20292089,1,3196,1,おめでとうございます! 強襲ﾔｸｻﾞ～富士山ﾔｸｻﾞ篇～の51位-100位ﾗﾝｸｲﾝ報酬です!自属性以外へ変更をご希望の場合は【舎弟をプレゼント欄から受け取らずに】お手数ですが別途お問い合わせをお願い致します。
19825222,1,3196,1,おめでとうございます! 強襲ﾔｸｻﾞ～富士山ﾔｸｻﾞ篇～の51位-100位ﾗﾝｸｲﾝ報酬です!自属性以外へ変更をご希望の場合は【舎弟をプレゼント欄から受け取らずに】お手数ですが別途お問い合わせをお願い致します。
19647653,1,3196,1,おめでとうございます! 強襲ﾔｸｻﾞ～富士山ﾔｸｻﾞ篇～の51位-100位ﾗﾝｸｲﾝ報酬です!自属性以外へ変更をご希望の場合は【舎弟をプレゼント欄から受け取らずに】お手数ですが別途お問い合わせをお願い致します。
18094581,1,3195,1,おめでとうございます! 強襲ﾔｸｻﾞ～富士山ﾔｸｻﾞ篇～の51位-100位ﾗﾝｸｲﾝ報酬です!自属性以外へ変更をご希望の場合は【舎弟をプレゼント欄から受け取らずに】お手数ですが別途お問い合わせをお願い致します。
17683965,1,3194,1,おめでとうございます! 強襲ﾔｸｻﾞ～富士山ﾔｸｻﾞ篇～の51位-100位ﾗﾝｸｲﾝ報酬です!自属性以外へ変更をご希望の場合は【舎弟をプレゼント欄から受け取らずに】お手数ですが別途お問い合わせをお願い致します。
17010326,1,3195,1,おめでとうございます! 強襲ﾔｸｻﾞ～富士山ﾔｸｻﾞ篇～の51位-100位ﾗﾝｸｲﾝ報酬です!自属性以外へ変更をご希望の場合は【舎弟をプレゼント欄から受け取らずに】お手数ですが別途お問い合わせをお願い致します。
15535534,1,3194,1,おめでとうございます! 強襲ﾔｸｻﾞ～富士山ﾔｸｻﾞ篇～の51位-100位ﾗﾝｸｲﾝ報酬です!自属性以外へ変更をご希望の場合は【舎弟をプレゼント欄から受け取らずに】お手数ですが別途お問い合わせをお願い致します。
15360205,1,3194,1,おめでとうございます! 強襲ﾔｸｻﾞ～富士山ﾔｸｻﾞ篇～の51位-100位ﾗﾝｸｲﾝ報酬です!自属性以外へ変更をご希望の場合は【舎弟をプレゼント欄から受け取らずに】お手数ですが別途お問い合わせをお願い致します。
14847075,1,3195,1,おめでとうございます! 強襲ﾔｸｻﾞ～富士山ﾔｸｻﾞ篇～の51位-100位ﾗﾝｸｲﾝ報酬です!自属性以外へ変更をご希望の場合は【舎弟をプレゼント欄から受け取らずに】お手数ですが別途お問い合わせをお願い致します。
13982615,1,3196,1,おめでとうございます! 強襲ﾔｸｻﾞ～富士山ﾔｸｻﾞ篇～の51位-100位ﾗﾝｸｲﾝ報酬です!自属性以外へ変更をご希望の場合は【舎弟をプレゼント欄から受け取らずに】お手数ですが別途お問い合わせをお願い致します。
13235968,1,3196,1,おめでとうございます! 強襲ﾔｸｻﾞ～富士山ﾔｸｻﾞ篇～の51位-100位ﾗﾝｸｲﾝ報酬です!自属性以外へ変更をご希望の場合は【舎弟をプレゼント欄から受け取らずに】お手数ですが別途お問い合わせをお願い致します。
11852205,1,3196,1,おめでとうございます! 強襲ﾔｸｻﾞ～富士山ﾔｸｻﾞ篇～の51位-100位ﾗﾝｸｲﾝ報酬です!自属性以外へ変更をご希望の場合は【舎弟をプレゼント欄から受け取らずに】お手数ですが別途お問い合わせをお願い致します。
11830889,1,3195,1,おめでとうございます! 強襲ﾔｸｻﾞ～富士山ﾔｸｻﾞ篇～の51位-100位ﾗﾝｸｲﾝ報酬です!自属性以外へ変更をご希望の場合は【舎弟をプレゼント欄から受け取らずに】お手数ですが別途お問い合わせをお願い致します。
10824311,1,3196,1,おめでとうございます! 強襲ﾔｸｻﾞ～富士山ﾔｸｻﾞ篇～の51位-100位ﾗﾝｸｲﾝ報酬です!自属性以外へ変更をご希望の場合は【舎弟をプレゼント欄から受け取らずに】お手数ですが別途お問い合わせをお願い致します。
